<?xml version="1.0" encoding="UTF-8"?>
<metadata xml:lang="es"><Esri><CreaDate>20240824</CreaDate><CreaTime>16271600</CreaTime><ArcGISFormat>1.0</ArcGISFormat><SyncOnce>FALSE</SyncOnce><DataProperties><itemProps><itemName Sync="TRUE">XSCutlines</itemName><imsContentType Sync="TRUE">002</imsContentType><itemSize Sync="TRUE">0.000</itemSize><itemLocation><linkage Sync="TRUE">file://\\ADMIN\C$\HCMC\HECRAS_v0\shp\XSCutlinesAll_1</linkage><protocol Sync="TRUE">Local Area Network</protocol></itemLocation></itemProps><coordRef><type Sync="TRUE">Projected</type><geogcsn Sync="TRUE">CGS_SIRGAS</geogcsn><csUnits Sync="TRUE">Linear Unit: Meter (1.000000)</csUnits><projcsn Sync="TRUE">GAUSS_BTA_MAGNA</projcsn><peXml Sync="TRUE">&lt;ProjectedCoordinateSystem xsi:type='typens:ProjectedCoordinateSystem' xmlns:xsi='http://www.w3.org/2001/XMLSchema-instance' xmlns:xs='http://www.w3.org/2001/XMLSchema' xmlns:typens='http://www.esri.com/schemas/ArcGIS/10.1'&gt;&lt;WKT&gt;PROJCS[&amp;quot;GAUSS_BTA_MAGNA&amp;quot;,GEOGCS[&amp;quot;CGS_SIRGAS&amp;quot;,DATUM[&amp;quot;CGS_SIRGAS&amp;quot;,SPHEROID[&amp;quot;GRS_1980&amp;quot;,6378137.0,298.257222101]],PRIMEM[&amp;quot;Greenwich&amp;quot;,0.0],UNIT[&amp;quot;Degree&amp;quot;,0.0174532925199433]],PROJECTION[&amp;quot;Transverse_Mercator&amp;quot;],PARAMETER[&amp;quot;False_Easting&amp;quot;,1000000.0],PARAMETER[&amp;quot;False_Northing&amp;quot;,1000000.0],PARAMETER[&amp;quot;Central_Meridian&amp;quot;,-74.077507917],PARAMETER[&amp;quot;Scale_Factor&amp;quot;,1.0],PARAMETER[&amp;quot;Latitude_Of_Origin&amp;quot;,4.596200417],UNIT[&amp;quot;Meter&amp;quot;,1.0]]&lt;/WKT&gt;&lt;XOrigin&gt;-4623200&lt;/XOrigin&gt;&lt;YOrigin&gt;-9510300&lt;/YOrigin&gt;&lt;XYScale&gt;450265407.00157917&lt;/XYScale&gt;&lt;ZOrigin&gt;-100000&lt;/ZOrigin&gt;&lt;ZScale&gt;10000&lt;/ZScale&gt;&lt;MOrigin&gt;-100000&lt;/MOrigin&gt;&lt;MScale&gt;10000&lt;/MScale&gt;&lt;XYTolerance&gt;0.001&lt;/XYTolerance&gt;&lt;ZTolerance&gt;0.001&lt;/ZTolerance&gt;&lt;MTolerance&gt;0.001&lt;/MTolerance&gt;&lt;HighPrecision&gt;true&lt;/HighPrecision&gt;&lt;/ProjectedCoordinateSystem&gt;</peXml></coordRef><lineage><Process ToolSource="c:\program files (x86)\arcgis\desktop10.2\ArcToolbox\Toolboxes\Conversion Tools.tbx\FeatureClassToFeatureClass" Date="20240824" Time="160724">FeatureClassToFeatureClass C:\HCMC\HECGEORAS_v0\hecgeoras_v0.mdb\Capas\XSCutLines C:\HCMC\HECRAS_v0\shp XSCutlines.shp # "Shape_Leng "Shape_Length" false true true 8 Double 0 0 ,First,#,C:\HCMC\HECGEORAS_v0\hecgeoras_v0.mdb\Capas\XSCutLines,Shape_Length,-1,-1;HydroID "HydroID" true true false 4 Long 0 0 ,First,#,C:\HCMC\HECGEORAS_v0\hecgeoras_v0.mdb\Capas\XSCutLines,HydroID,-1,-1;ProfileM "Station" true true false 4 Float 0 0 ,First,#,C:\HCMC\HECGEORAS_v0\hecgeoras_v0.mdb\Capas\XSCutLines,ProfileM,-1,-1;RiverCode "River" true true false 16 Text 0 0 ,First,#,C:\HCMC\HECGEORAS_v0\hecgeoras_v0.mdb\Capas\XSCutLines,RiverCode,-1,-1;ReachCode "Reach" true true false 16 Text 0 0 ,First,#,C:\HCMC\HECGEORAS_v0\hecgeoras_v0.mdb\Capas\XSCutLines,ReachCode,-1,-1;LeftBank "LeftBank" true true false 4 Float 0 0 ,First,#,C:\HCMC\HECGEORAS_v0\hecgeoras_v0.mdb\Capas\XSCutLines,LeftBank,-1,-1;RightBank "RightBank" true true false 4 Float 0 0 ,First,#,C:\HCMC\HECGEORAS_v0\hecgeoras_v0.mdb\Capas\XSCutLines,RightBank,-1,-1;LLength "LLength" true true false 4 Float 0 0 ,First,#,C:\HCMC\HECGEORAS_v0\hecgeoras_v0.mdb\Capas\XSCutLines,LLength,-1,-1;ChLength "ChLength" true true false 4 Float 0 0 ,First,#,C:\HCMC\HECGEORAS_v0\hecgeoras_v0.mdb\Capas\XSCutLines,ChLength,-1,-1;RLength "RLength" true true false 4 Float 0 0 ,First,#,C:\HCMC\HECGEORAS_v0\hecgeoras_v0.mdb\Capas\XSCutLines,RLength,-1,-1;NodeName "NodeName" true true false 32 Text 0 0 ,First,#,C:\HCMC\HECGEORAS_v0\hecgeoras_v0.mdb\Capas\XSCutLines,NodeName,-1,-1" #</Process><Process ToolSource="c:\program files\arcgis\pro\Resources\ArcToolbox\Toolboxes\Data Management Tools.tbx\Rename" Date="20240824" Time="161443">Rename C:\HCMC\HECRAS_v0\shp\XSCutlines.shp C:\HCMC\HECRAS_v0\shp\XSCutlinesAll.shp ShapeFile</Process><Process ToolSource="c:\program files\arcgis\pro\Resources\ArcToolbox\Toolboxes\Data Management Tools.tbx\Copy" Date="20240824" Time="162716">Copy C:\HCMC\HECRAS_v0\shp\XSCutlinesAll.shp C:\HCMC\HECRAS_v0\shp\XSCutlinesAll_1.shp Shapefile #</Process><Process ToolSource="c:\program files\arcgis\pro\Resources\ArcToolbox\Toolboxes\Data Management Tools.tbx\Rename" Date="20240824" Time="162723">Rename C:\HCMC\HECRAS_v0\shp\XSCutlinesAll_1.shp C:\HCMC\HECRAS_v0\shp\XSCutlinesNatural.shp ShapeFile</Process><Process ToolSource="c:\program files\arcgis\pro\Resources\ArcToolbox\Toolboxes\Data Management Tools.tbx\UpdateSchema" Date="20240824" Time="163500">UpdateSchema "CIMDATA=&lt;CIMStandardDataConnection xsi:type='typens:CIMStandardDataConnection' xmlns:xsi='http://www.w3.org/2001/XMLSchema-instance' xmlns:xs='http://www.w3.org/2001/XMLSchema' xmlns:typens='http://www.esri.com/schemas/ArcGIS/3.3.0'&gt;&lt;WorkspaceConnectionString&gt;DATABASE=C:\HCMC\HECRAS_v0\shp&lt;/WorkspaceConnectionString&gt;&lt;WorkspaceFactory&gt;Shapefile&lt;/WorkspaceFactory&gt;&lt;Dataset&gt;XSCutlinesNatural.shp&lt;/Dataset&gt;&lt;DatasetType&gt;esriDTFeatureClass&lt;/DatasetType&gt;&lt;/CIMStandardDataConnection&gt;" &lt;operationSequence&gt;&lt;workflow&gt;&lt;DeleteField&gt;&lt;field_name&gt;HydroID&lt;/field_name&gt;&lt;field_name&gt;ProfileM&lt;/field_name&gt;&lt;field_name&gt;RiverCode&lt;/field_name&gt;&lt;field_name&gt;ReachCode&lt;/field_name&gt;&lt;field_name&gt;LeftBank&lt;/field_name&gt;&lt;field_name&gt;RightBank&lt;/field_name&gt;&lt;field_name&gt;LLength&lt;/field_name&gt;&lt;field_name&gt;ChLength&lt;/field_name&gt;&lt;field_name&gt;RLength&lt;/field_name&gt;&lt;field_name&gt;NodeName&lt;/field_name&gt;&lt;/DeleteField&gt;&lt;/workflow&gt;&lt;/operationSequence&gt;</Process><Process ToolSource="c:\program files\arcgis\pro\Resources\ArcToolbox\toolboxes\Data Management Tools.tbx\CalculateGeometryAttributes" Date="20240824" Time="163514">CalculateGeometryAttributes XSCutlinesNatural "Shape_Leng LENGTH" Meters # PROJCS["GAUSS_BTA_MAGNA",GEOGCS["CGS_SIRGAS",DATUM["CGS_SIRGAS",SPHEROID["GRS_1980",6378137.0,298.257222101]],PRIMEM["Greenwich",0.0],UNIT["Degree",0.0174532925199433]],PROJECTION["Transverse_Mercator"],PARAMETER["False_Easting",1000000.0],PARAMETER["False_Northing",1000000.0],PARAMETER["Central_Meridian",-74.077507917],PARAMETER["Scale_Factor",1.0],PARAMETER["Latitude_Of_Origin",4.596200417],UNIT["Meter",1.0]] "Same as input"</Process></lineage><copyHistory><copy source="C:\HCMC\HECRAS_v0\shp\XSCutlinesAll" dest="\\ADMIN\C$\HCMC\HECRAS_v0\shp\XSCutlinesAll_1" date="20240824" time="16271600"></copy></copyHistory></DataProperties><SyncDate>20240824</SyncDate><SyncTime>16072400</SyncTime><ModDate>20240824</ModDate><ModTime>16072400</ModTime></Esri><dataIdInfo><envirDesc Sync="TRUE"> Version 6.2 (Build 9200) ; Esri ArcGIS 10.2.2.3552</envirDesc><dataLang><languageCode value="spa" Sync="TRUE"></languageCode><countryCode value="COL" Sync="TRUE"></countryCode></dataLang><idCitation><resTitle Sync="TRUE">XSCutlines</resTitle><presForm><PresFormCd value="005" Sync="TRUE"></PresFormCd></presForm></idCitation><spatRpType><SpatRepTypCd value="001" Sync="TRUE"></SpatRepTypCd></spatRpType></dataIdInfo><mdLang><languageCode value="spa" Sync="TRUE"></languageCode><countryCode value="COL" Sync="TRUE"></countryCode></mdLang><mdChar><CharSetCd value="004" Sync="TRUE"></CharSetCd></mdChar><distInfo><distFormat><formatName Sync="TRUE">Shapefile</formatName></distFormat><distTranOps><transSize Sync="TRUE">0.000</transSize></distTranOps></distInfo><mdHrLv><ScopeCd value="005" Sync="TRUE"></ScopeCd></mdHrLv><mdHrLvName Sync="TRUE">dataset</mdHrLvName><refSysInfo><RefSystem><refSysID><identCode code="0" Sync="TRUE"></identCode></refSysID></RefSystem></refSysInfo><spatRepInfo><VectSpatRep><geometObjs Name="XSCutlines"><geoObjTyp><GeoObjTypCd value="002" Sync="TRUE"></GeoObjTypCd></geoObjTyp><geoObjCnt Sync="TRUE">0</geoObjCnt></geometObjs><topLvl><TopoLevCd value="001" Sync="TRUE"></TopoLevCd></topLvl></VectSpatRep></spatRepInfo><spdoinfo><ptvctinf><esriterm Name="XSCutlines"><efeatyp Sync="TRUE">Simple</efeatyp><efeageom code="3" Sync="TRUE"></efeageom><esritopo Sync="TRUE">FALSE</esritopo><efeacnt Sync="TRUE">0</efeacnt><spindex Sync="TRUE">FALSE</spindex><linrefer Sync="TRUE">FALSE</linrefer></esriterm></ptvctinf></spdoinfo><eainfo><detailed Name="XSCutlines"><enttyp><enttypl Sync="TRUE">XSCutlines</enttypl><enttypt Sync="TRUE">Feature Class</enttypt><enttypc Sync="TRUE">0</enttypc></enttyp><attr><attrlabl Sync="TRUE">FID</attrlabl><attalias Sync="TRUE">FID</attalias><attrtype Sync="TRUE">OID</attrtype><attwidth Sync="TRUE">4</attwidth><atprecis Sync="TRUE">0</atprecis><attscale Sync="TRUE">0</attscale><attrdef Sync="TRUE">Internal feature number.</attrdef><attrdefs Sync="TRUE">Esri</attrdefs><attrdomv><udom Sync="TRUE">Sequential unique whole numbers that are automatically generated.</udom></attrdomv></attr><attr><attrlabl Sync="TRUE">Shape</attrlabl><attalias Sync="TRUE">Shape</attalias><attrtype Sync="TRUE">Geometry</attrtype><attwidth Sync="TRUE">0</attwidth><atprecis Sync="TRUE">0</atprecis><attscale Sync="TRUE">0</attscale><attrdef Sync="TRUE">Feature geometry.</attrdef><attrdefs Sync="TRUE">Esri</attrdefs><attrdomv><udom Sync="TRUE">Coordinates defining the features.</udom></attrdomv></attr><attr><attrlabl Sync="TRUE">Shape_Leng</attrlabl><attalias Sync="TRUE">Shape_Leng</attalias><attrtype Sync="TRUE">Double</attrtype><attwidth Sync="TRUE">19</attwidth><atprecis Sync="TRUE">0</atprecis><attscale Sync="TRUE">0</attscale></attr><attr><attrlabl Sync="TRUE">HydroID</attrlabl><attalias Sync="TRUE">HydroID</attalias><attrtype Sync="TRUE">Integer</attrtype><attwidth Sync="TRUE">9</attwidth><atprecis Sync="TRUE">9</atprecis><attscale Sync="TRUE">0</attscale></attr><attr><attrlabl Sync="TRUE">ProfileM</attrlabl><attalias Sync="TRUE">ProfileM</attalias><attrtype Sync="TRUE">Single</attrtype><attwidth Sync="TRUE">13</attwidth><atprecis Sync="TRUE">0</atprecis><attscale Sync="TRUE">0</attscale></attr><attr><attrlabl Sync="TRUE">RiverCode</attrlabl><attalias Sync="TRUE">RiverCode</attalias><attrtype Sync="TRUE">String</attrtype><attwidth Sync="TRUE">16</attwidth><atprecis Sync="TRUE">0</atprecis><attscale Sync="TRUE">0</attscale></attr><attr><attrlabl Sync="TRUE">ReachCode</attrlabl><attalias Sync="TRUE">ReachCode</attalias><attrtype Sync="TRUE">String</attrtype><attwidth Sync="TRUE">16</attwidth><atprecis Sync="TRUE">0</atprecis><attscale Sync="TRUE">0</attscale></attr><attr><attrlabl Sync="TRUE">LeftBank</attrlabl><attalias Sync="TRUE">LeftBank</attalias><attrtype Sync="TRUE">Single</attrtype><attwidth Sync="TRUE">13</attwidth><atprecis Sync="TRUE">0</atprecis><attscale Sync="TRUE">0</attscale></attr><attr><attrlabl Sync="TRUE">RightBank</attrlabl><attalias Sync="TRUE">RightBank</attalias><attrtype Sync="TRUE">Single</attrtype><attwidth Sync="TRUE">13</attwidth><atprecis Sync="TRUE">0</atprecis><attscale Sync="TRUE">0</attscale></attr><attr><attrlabl Sync="TRUE">LLength</attrlabl><attalias Sync="TRUE">LLength</attalias><attrtype Sync="TRUE">Single</attrtype><attwidth Sync="TRUE">13</attwidth><atprecis Sync="TRUE">0</atprecis><attscale Sync="TRUE">0</attscale></attr><attr><attrlabl Sync="TRUE">ChLength</attrlabl><attalias Sync="TRUE">ChLength</attalias><attrtype Sync="TRUE">Single</attrtype><attwidth Sync="TRUE">13</attwidth><atprecis Sync="TRUE">0</atprecis><attscale Sync="TRUE">0</attscale></attr><attr><attrlabl Sync="TRUE">RLength</attrlabl><attalias Sync="TRUE">RLength</attalias><attrtype Sync="TRUE">Single</attrtype><attwidth Sync="TRUE">13</attwidth><atprecis Sync="TRUE">0</atprecis><attscale Sync="TRUE">0</attscale></attr><attr><attrlabl Sync="TRUE">NodeName</attrlabl><attalias Sync="TRUE">NodeName</attalias><attrtype Sync="TRUE">String</attrtype><attwidth Sync="TRUE">32</attwidth><atprecis Sync="TRUE">0</atprecis><attscale Sync="TRUE">0</attscale></attr></detailed></eainfo><mdDateSt Sync="TRUE">20240824</mdDateSt></metadata>
