<?xml version="1.0" encoding="UTF-8"?>
<metadata xml:lang="en"><Esri><CreaDate>20210828</CreaDate><CreaTime>15255900</CreaTime><ArcGISFormat>1.0</ArcGISFormat><SyncOnce>TRUE</SyncOnce><DataProperties><lineage><Process ToolSource="c:\program files (x86)\arcgis\desktop10.2\ArcToolbox\Toolboxes\Data Management Tools.tbx\AssignDomainToField" Date="20160305" Time="110122">AssignDomainToField GPL0 LossMet LossRateType #</Process><Process ToolSource="c:\program files (x86)\arcgis\desktop10.2\ArcToolbox\Toolboxes\Data Management Tools.tbx\AssignDomainToField" Date="20160305" Time="110123">AssignDomainToField GPL0 TransMet TransformType #</Process><Process ToolSource="c:\program files (x86)\arcgis\desktop10.2\ArcToolbox\Toolboxes\Data Management Tools.tbx\AssignDomainToField" Date="20160305" Time="110123">AssignDomainToField GPL0 BaseMet BaseflowType #</Process><Process ToolSource="c:\program files (x86)\arcgis\desktop10.2\ArcToolbox\Toolboxes\Data Management Tools.tbx\CalculateField" Date="20160305" Time="113917">CalculateField ArryElZorroRealinNuevo_SubcuencaAntropica_v0 LagMethod "CNLag" VB #</Process><Process ToolSource="c:\program files (x86)\arcgis\desktop10.2\ArcToolbox\Toolboxes\Data Management Tools.tbx\CalculateField" Date="20160720" Time="070915">CalculateField ArryElZorroRealinNuevo_SubcuencaAntropica_v0 Disolve 1 VB #</Process><Process ToolSource="c:\program files (x86)\arcgis\desktop10.2\ArcToolbox\Toolboxes\Data Management Tools.tbx\CalculateField" Date="20210828" Time="152706">CalculateField CuencaJ4685 Name "Cuenca hasta J4685" VB #</Process></lineage><itemProps><itemLocation><linkage Sync="TRUE">file://\\W10\C$\Dropbox\ECI\iamR_CursoDisenoFluvial\HCMC_GEODATABASE.gdb</linkage><protocol Sync="TRUE">Local Area Network</protocol></itemLocation></itemProps></DataProperties></Esri></metadata>
