<?xml version="1.0" encoding="UTF-8"?>
<metadata xml:lang="en"><Esri><CreaDate>20160723</CreaDate><CreaTime>09300400</CreaTime><ArcGISFormat>1.0</ArcGISFormat><SyncOnce>TRUE</SyncOnce><DataProperties><lineage><Process ToolSource="C:\Program Files\ArcGIS\Desktop10.0\ArcToolbox\Toolboxes\Spatial Analyst Tools.tbx\StreamToFeature" Date="20121211" Time="134754">StreamToFeature GPL0 GPL1 C:\PROYECTODRUMMOND2012\D_MODELO_HIDRO\HECGEOHMS\HECGEOHMS.GDB\ARROYOELZORRO1\RiverARROYOELZORRO1 NO_SIMPLIFY</Process><Process ToolSource="C:\Program Files\ArcGIS\Desktop10.0\ArcToolbox\Toolboxes\Data Management Tools.tbx\AssignDomainToField" Date="20121211" Time="134911">AssignDomainToField GPL0 ChnShapeMusk MuskingumCungeShapeType #</Process><Process ToolSource="C:\Program Files\ArcGIS\Desktop10.0\ArcToolbox\Toolboxes\Data Management Tools.tbx\AssignDomainToField" Date="20121211" Time="134911">AssignDomainToField GPL0 ChnShapeKine KinematicWaveShapeType #</Process><Process ToolSource="C:\Program Files\ArcGIS\Desktop10.0\ArcToolbox\Toolboxes\Data Management Tools.tbx\AssignDomainToField" Date="20121211" Time="134911">AssignDomainToField GPL0 RouteMet RouteType #</Process><Process ToolSource="C:\Program Files\ArcGIS\Desktop10.0\ArcToolbox\Toolboxes\GeoHMS Tools.tbx\RiverLength" Date="20121211" Time="135402">RiverLength RiverARROYOELZORRO1</Process><Process ToolSource="C:\Program Files\ArcGIS\Desktop10.0\ArcToolbox\Toolboxes\GeoHMS Tools.tbx\RiverSlope" Date="20121211" Time="135407">RiverSlope RawDEM RiverARROYOELZORRO1</Process><Process ToolSource="C:\Program Files\ArcGIS\Desktop10.0\ArcToolbox\Toolboxes\Data Management Tools.tbx\CalculateField" Date="20121211" Time="135434">CalculateField RiverARROYOELZORRO1 Slp "Abs ( [Slp]  )" VB #</Process><Process ToolSource="C:\Program Files\ArcGIS\Desktop10.0\ArcToolbox\Toolboxes\GeoHMS Tools.tbx\RiverAutoName" Date="20121211" Time="140749">RiverAutoName RiverARROYOELZORRO1</Process><Process ToolSource="C:\Program Files (x86)\ArcGIS\Desktop10.0\ArcToolbox\Toolboxes\GeoHMS Tools.tbx\RiverLength" Date="20130130" Time="153415">RiverLength RiverARROYOELZORRO1</Process><Process ToolSource="C:\Program Files (x86)\ArcGIS\Desktop10.0\ArcToolbox\Toolboxes\GeoHMS Tools.tbx\RiverSlope" Date="20130130" Time="153420">RiverSlope RawDEM RiverARROYOELZORRO1</Process><Process ToolSource="C:\Program Files (x86)\ArcGIS\Desktop10.0\ArcToolbox\Toolboxes\Data Management Tools.tbx\CalculateField" Date="20130130" Time="155308">CalculateField RiverARROYOELZORRO1 Slp 2.933461 VB #</Process><Process ToolSource="C:\Program Files (x86)\ArcGIS\Desktop10.0\ArcToolbox\Toolboxes\Data Management Tools.tbx\CalculateField" Date="20130130" Time="155453">CalculateField RiverARROYOELZORRO1 Slp 2.164746 VB #</Process><Process ToolSource="C:\Program Files (x86)\ArcGIS\Desktop10.0\ArcToolbox\Toolboxes\Data Management Tools.tbx\CalculateField" Date="20130130" Time="160307">CalculateField RiverARROYOELZORRO1 Slp 0.047839 VB #</Process><Process ToolSource="C:\Program Files (x86)\ArcGIS\Desktop10.0\ArcToolbox\Toolboxes\Data Management Tools.tbx\CalculateField" Date="20130130" Time="160417">CalculateField RiverARROYOELZORRO1 Slp 0.440341 VB #</Process><Process ToolSource="C:\Program Files (x86)\ArcGIS\Desktop10.0\ArcToolbox\Toolboxes\Data Management Tools.tbx\CalculateField" Date="20130130" Time="160608">CalculateField RiverARROYOELZORRO1 Slp 0.0001 VB #</Process><Process ToolSource="C:\Program Files (x86)\ArcGIS\Desktop10.0\ArcToolbox\Toolboxes\Data Management Tools.tbx\CalculateField" Date="20130130" Time="160704">CalculateField RiverARROYOELZORRO1 Slp 0.001948 VB #</Process><Process ToolSource="C:\Program Files (x86)\ArcGIS\Desktop10.0\ArcToolbox\Toolboxes\Data Management Tools.tbx\CalculateField" Date="20130130" Time="160730">CalculateField RiverARROYOELZORRO1 Slp 0.001828 VB #</Process><Process ToolSource="C:\Program Files (x86)\ArcGIS\Desktop10.0\ArcToolbox\Toolboxes\Data Management Tools.tbx\CalculateField" Date="20130130" Time="160840">CalculateField RiverARROYOELZORRO1 Slp 0.048602 VB #</Process><Process ToolSource="C:\Program Files (x86)\ArcGIS\Desktop10.0\ArcToolbox\Toolboxes\Data Management Tools.tbx\CalculateField" Date="20130130" Time="160918">CalculateField RiverARROYOELZORRO1 Slp 0.048602 VB #</Process><Process ToolSource="C:\Program Files (x86)\ArcGIS\Desktop10.0\ArcToolbox\Toolboxes\Data Management Tools.tbx\CalculateField" Date="20130130" Time="161009">CalculateField RiverARROYOELZORRO1 Slp 0.001271 VB #</Process><Process ToolSource="C:\Program Files (x86)\ArcGIS\Desktop10.0\ArcToolbox\Toolboxes\Data Management Tools.tbx\CalculateField" Date="20130130" Time="161038">CalculateField RiverARROYOELZORRO1 Slp 0.001205 VB #</Process><Process ToolSource="C:\Program Files (x86)\ArcGIS\Desktop10.0\ArcToolbox\Toolboxes\Data Management Tools.tbx\CalculateField" Date="20130130" Time="161120">CalculateField RiverARROYOELZORRO1 Slp 0.146151 VB #</Process><Process ToolSource="C:\Program Files (x86)\ArcGIS\Desktop10.0\ArcToolbox\Toolboxes\Data Management Tools.tbx\CalculateField" Date="20130130" Time="161156">CalculateField RiverARROYOELZORRO1 Slp 0.002393 VB #</Process><Process ToolSource="C:\Program Files (x86)\ArcGIS\Desktop10.0\ArcToolbox\Toolboxes\Data Management Tools.tbx\CalculateField" Date="20130130" Time="161345">CalculateField RiverARROYOELZORRO1 Slp 0.001717 VB #</Process><Process ToolSource="C:\Program Files (x86)\ArcGIS\Desktop10.0\ArcToolbox\Toolboxes\Data Management Tools.tbx\CalculateField" Date="20130130" Time="161447">CalculateField RiverARROYOELZORRO1 Slp 0.000337 VB #</Process><Process ToolSource="C:\Program Files (x86)\ArcGIS\Desktop10.0\ArcToolbox\Toolboxes\Data Management Tools.tbx\CalculateField" Date="20130130" Time="161506">CalculateField RiverARROYOELZORRO1 Slp 0.0001 VB #</Process><Process ToolSource="C:\Program Files (x86)\ArcGIS\Desktop10.0\ArcToolbox\Toolboxes\Data Management Tools.tbx\CalculateField" Date="20130130" Time="165122">CalculateField GPL0 ElevUP_HMS "[ElevUP] * 3.280839895" VB #</Process><Process ToolSource="C:\Program Files (x86)\ArcGIS\Desktop10.0\ArcToolbox\Toolboxes\Data Management Tools.tbx\CalculateField" Date="20130130" Time="165122">CalculateField GPL0 ElevDS_HMS "[ElevDS] * 3.280839895" VB #</Process><Process ToolSource="C:\Program Files (x86)\ArcGIS\Desktop10.0\ArcToolbox\Toolboxes\Data Management Tools.tbx\CalculateField" Date="20130130" Time="165122">CalculateField GPL0 RivLen_HMS "[RivLen] * 3.280839895" VB #</Process><Process ToolSource="C:\Program Files (x86)\ArcGIS\Desktop10.0\ArcToolbox\Toolboxes\Data Management Tools.tbx\CalculateField" Date="20130130" Time="165142">CalculateField GPL0 ElevUP_HMS "[ElevUP] * 1" VB #</Process><Process ToolSource="C:\Program Files (x86)\ArcGIS\Desktop10.0\ArcToolbox\Toolboxes\Data Management Tools.tbx\CalculateField" Date="20130130" Time="165142">CalculateField GPL0 ElevDS_HMS "[ElevDS] * 1" VB #</Process><Process ToolSource="C:\Program Files (x86)\ArcGIS\Desktop10.0\ArcToolbox\Toolboxes\Data Management Tools.tbx\CalculateField" Date="20130130" Time="165143">CalculateField GPL0 RivLen_HMS "[RivLen] * 1" VB #</Process><Process ToolSource="C:\Program Files (x86)\ArcGIS\Desktop10.0\ArcToolbox\Toolboxes\Data Management Tools.tbx\CalculateField" Date="20130131" Time="135423">CalculateField GPL0 ElevUP_HMS "[ElevUP] * 1" VB #</Process><Process ToolSource="C:\Program Files (x86)\ArcGIS\Desktop10.0\ArcToolbox\Toolboxes\Data Management Tools.tbx\CalculateField" Date="20130131" Time="135423">CalculateField GPL0 ElevDS_HMS "[ElevDS] * 1" VB #</Process><Process ToolSource="C:\Program Files (x86)\ArcGIS\Desktop10.0\ArcToolbox\Toolboxes\Data Management Tools.tbx\CalculateField" Date="20130131" Time="135424">CalculateField GPL0 RivLen_HMS "[RivLen] * 1" VB #</Process><Process ToolSource="c:\program files (x86)\arcgis\desktop10.1\ArcToolbox\Toolboxes\GeoHMS Tools.tbx\RiverSlope" Date="20140828" Time="084213">RiverSlope "ECI CAPAS A SUBPROYECTOS\EstadoNatural_MDT_QMED_30m_MagnaSirgBta_v0.tif" RiverARROYOELZORRO1</Process><Process ToolSource="c:\program files (x86)\arcgis\desktop10.1\ArcToolbox\Toolboxes\GeoHMS Tools.tbx\RiverLength" Date="20140828" Time="084334">RiverLength RiverARROYOELZORRO1</Process><Process ToolSource="c:\program files (x86)\arcgis\desktop10.1\ArcToolbox\Toolboxes\GeoHMS Tools.tbx\RiverSlope" Date="20140828" Time="084354">RiverSlope "ECI CAPAS A SUBPROYECTOS\EstadoNatural_MDT_QMED_30m_MagnaSirgBta_v0.tif" RiverARROYOELZORRO1</Process><Process ToolSource="c:\program files (x86)\arcgis\desktop10.1\ArcToolbox\Toolboxes\GeoHMS Tools.tbx\RiverSlope" Date="20140828" Time="084527">RiverSlope "ECI CAPAS A SUBPROYECTOS\EstadoNatural_MDT_QMED_30m_MagnaSirgBta_v0.tif" RiverARROYOELZORRO1</Process><Process ToolSource="c:\program files (x86)\arcgis\desktop10.1\ArcToolbox\Toolboxes\Data Management Tools.tbx\CalculateField" Date="20140828" Time="085101">CalculateField "ARROYO EL ZORRO...\HMS...\Drenaje - HecGeoHMS" Slp 0.001 VB #</Process><Process ToolSource="c:\program files (x86)\arcgis\desktop10.2\ArcToolbox\Toolboxes\Data Management Tools.tbx\CalculateField" Date="20160305" Time="062119">CalculateField ArryElZorroRealinNuevo_HMSRiver ChnManN 0.035 VB #</Process><Process ToolSource="c:\program files (x86)\arcgis\desktop10.2\ArcToolbox\Toolboxes\Data Management Tools.tbx\CalculateField" Date="20160305" Time="072923">CalculateField ArryElZorroRealinNuevo_HMSRiver Slp "( [ElevUP]- [ElevDS])/ [RivLen_HMS]" VB #</Process><Process ToolSource="c:\program files (x86)\arcgis\desktop10.2\ArcToolbox\Toolboxes\Data Management Tools.tbx\CalculateField" Date="20160305" Time="073423">CalculateField ArryElZorroRealinNuevo_HMSRiver ElevUP 0 VB #</Process><Process ToolSource="c:\program files (x86)\arcgis\desktop10.2\ArcToolbox\Toolboxes\Data Management Tools.tbx\CalculateField" Date="20160305" Time="073435">CalculateField ArryElZorroRealinNuevo_HMSRiver ElevUP 0 VB #</Process><Process ToolSource="c:\program files (x86)\arcgis\desktop10.2\ArcToolbox\Toolboxes\Data Management Tools.tbx\CalculateField" Date="20160305" Time="073441">CalculateField ArryElZorroRealinNuevo_HMSRiver ElevDS 0 VB #</Process><Process ToolSource="c:\program files (x86)\arcgis\desktop10.2\ArcToolbox\Toolboxes\Data Management Tools.tbx\CalculateField" Date="20160305" Time="074709">CalculateField ArryElZorroRealinNuevo_HMSRiver ElevDS 76 VB #</Process><Process ToolSource="c:\program files (x86)\arcgis\desktop10.2\ArcToolbox\Toolboxes\Data Management Tools.tbx\CalculateField" Date="20160305" Time="074734">CalculateField ArryElZorroRealinNuevo_HMSRiver ElevDS 88 VB #</Process><Process ToolSource="c:\program files (x86)\arcgis\desktop10.2\ArcToolbox\Toolboxes\Data Management Tools.tbx\CalculateField" Date="20160305" Time="074807">CalculateField ArryElZorroRealinNuevo_HMSRiver ElevDS 69 VB #</Process><Process ToolSource="c:\program files (x86)\arcgis\desktop10.2\ArcToolbox\Toolboxes\Data Management Tools.tbx\CalculateField" Date="20160305" Time="074833">CalculateField ArryElZorroRealinNuevo_HMSRiver ElevDS 75 VB #</Process><Process ToolSource="c:\program files (x86)\arcgis\desktop10.2\ArcToolbox\Toolboxes\Data Management Tools.tbx\CalculateField" Date="20160305" Time="074851">CalculateField ArryElZorroRealinNuevo_HMSRiver ElevDS 72 VB #</Process><Process ToolSource="c:\program files (x86)\arcgis\desktop10.2\ArcToolbox\Toolboxes\Data Management Tools.tbx\CalculateField" Date="20160305" Time="074916">CalculateField ArryElZorroRealinNuevo_HMSRiver ElevDS 63 VB #</Process><Process ToolSource="c:\program files (x86)\arcgis\desktop10.2\ArcToolbox\Toolboxes\Data Management Tools.tbx\CalculateField" Date="20160305" Time="075057">CalculateField ArryElZorroRealinNuevo_HMSRiver Slp "( [ElevUP]- [ElevDS])/ [RivLen_HMS]" VB #</Process><Process ToolSource="c:\program files (x86)\arcgis\desktop10.2\ArcToolbox\Toolboxes\Data Management Tools.tbx\CalculateField" Date="20160305" Time="075125">CalculateField ArryElZorroRealinNuevo_HMSRiver Slp abs(( [ElevUP]- [ElevDS])/ [RivLen_HMS]) VB #</Process><Process ToolSource="c:\program files (x86)\arcgis\desktop10.2\ArcToolbox\Toolboxes\Data Management Tools.tbx\CalculateField" Date="20160305" Time="075208">CalculateField ArryElZorroRealinNuevo_HMSRiver Slp 0.001 VB #</Process></lineage><itemProps><itemLocation><linkage Sync="TRUE">file://\\W10\C$\Dropbox\ECI\iamR_CursoDisenoFluvial\HCMC_GEODATABASE.gdb</linkage><protocol Sync="TRUE">Local Area Network</protocol></itemLocation></itemProps></DataProperties></Esri></metadata>
