<metadata xml:lang="en"><Esri><CreaDate>20160720</CreaDate><CreaTime>06302100</CreaTime><ArcGISFormat>1.0</ArcGISFormat><SyncOnce>FALSE</SyncOnce><DataProperties><itemProps><itemName Sync="TRUE">CGG_DrenajeNatural_v0</itemName><imsContentType Sync="TRUE">002</imsContentType><itemLocation><linkage Sync="TRUE">file://\\USER\D$\OneDrive - ESCUELA COLOMBIANA DE INGENIERIA\ECI_Class_Sourcecode\Curso_DisenoFluvial_HCMC\Datos\DatosTema1\shp\CGG_DrenajeNatural_v0.shp</linkage><protocol Sync="TRUE">Local Area Network</protocol></itemLocation><itemSize Sync="TRUE">0.000</itemSize></itemProps><coordRef><type Sync="TRUE">Projected</type><geogcsn Sync="TRUE">CGS_SIRGAS</geogcsn><csUnits Sync="TRUE">Linear Unit: Meter (1.000000)</csUnits><projcsn Sync="TRUE">GAUSS_BTA_MAGNA</projcsn><peXml Sync="TRUE">&lt;ProjectedCoordinateSystem xsi:type='typens:ProjectedCoordinateSystem' xmlns:xsi='http://www.w3.org/2001/XMLSchema-instance' xmlns:xs='http://www.w3.org/2001/XMLSchema' xmlns:typens='http://www.esri.com/schemas/ArcGIS/10.5'&gt;&lt;WKT&gt;PROJCS[&amp;quot;GAUSS_BTA_MAGNA&amp;quot;,GEOGCS[&amp;quot;CGS_SIRGAS&amp;quot;,DATUM[&amp;quot;CGS_SIRGAS&amp;quot;,SPHEROID[&amp;quot;GRS_1980&amp;quot;,6378137.0,298.257222101]],PRIMEM[&amp;quot;Greenwich&amp;quot;,0.0],UNIT[&amp;quot;Degree&amp;quot;,0.0174532925199433]],PROJECTION[&amp;quot;Transverse_Mercator&amp;quot;],PARAMETER[&amp;quot;False_Easting&amp;quot;,1000000.0],PARAMETER[&amp;quot;False_Northing&amp;quot;,1000000.0],PARAMETER[&amp;quot;Central_Meridian&amp;quot;,-74.077507917],PARAMETER[&amp;quot;Scale_Factor&amp;quot;,1.0],PARAMETER[&amp;quot;Latitude_Of_Origin&amp;quot;,4.596200417],UNIT[&amp;quot;Meter&amp;quot;,1.0]]&lt;/WKT&gt;&lt;XOrigin&gt;-4623200&lt;/XOrigin&gt;&lt;YOrigin&gt;-9510300&lt;/YOrigin&gt;&lt;XYScale&gt;450265407.00157917&lt;/XYScale&gt;&lt;ZOrigin&gt;-100000&lt;/ZOrigin&gt;&lt;ZScale&gt;10000&lt;/ZScale&gt;&lt;MOrigin&gt;-100000&lt;/MOrigin&gt;&lt;MScale&gt;10000&lt;/MScale&gt;&lt;XYTolerance&gt;0.001&lt;/XYTolerance&gt;&lt;ZTolerance&gt;0.001&lt;/ZTolerance&gt;&lt;MTolerance&gt;0.001&lt;/MTolerance&gt;&lt;HighPrecision&gt;true&lt;/HighPrecision&gt;&lt;/ProjectedCoordinateSystem&gt;</peXml></coordRef><lineage><Process ToolSource="c:\program files (x86)\arcgis\desktop10.1\ArcToolbox\Toolboxes\Data Management Tools.tbx\CopyFeatures" Date="20140808" Time="080708">CopyFeatures C:\ECI\DRUMMOND_Base\GIS\GDB\DRUMMOND_CGG.mdb\ArroyoElZorro\ArryElZorroHidrologia_DrenajeAntropico_v0 C:\ECI\DRUMMOND_Base\GIS\GDB\DRUMMOND_CGG.gdb\ArroyoElZorro\ArryElZorroHidrologia_DrenajeAntropico_v0 # 0 0 0</Process><Process ToolSource="c:\program files (x86)\arcgis\desktop10.2\ArcToolbox\Toolboxes\Data Management Tools.tbx\CalculateField" Date="20160129" Time="070823">CalculateField ArryElZorroHidrologia_DrenajeAntropico_v1 Fase1 1 VB #</Process><Process ToolSource="c:\program files (x86)\arcgis\desktop10.2\ArcToolbox\Toolboxes\Data Management Tools.tbx\CalculateField" Date="20160129" Time="070853">CalculateField ArryElZorroHidrologia_DrenajeAntropico_v1 Fase1 0 VB #</Process><Process ToolSource="c:\program files (x86)\arcgis\desktop10.2\ArcToolbox\Toolboxes\Data Management Tools.tbx\CalculateField" Date="20160129" Time="070934">CalculateField ArryElZorroHidrologia_DrenajeAntropico_v1 Fase2 1 VB #</Process><Process ToolSource="c:\program files (x86)\arcgis\desktop10.2\ArcToolbox\Toolboxes\Data Management Tools.tbx\CalculateField" Date="20160129" Time="071021">CalculateField ArryElZorroHidrologia_DrenajeAntropico_v1 Fase2 0 VB #</Process><Process ToolSource="c:\program files (x86)\arcgis\desktop10.2\ArcToolbox\Toolboxes\Data Management Tools.tbx\CalculateField" Date="20160129" Time="071056">CalculateField ArryElZorroHidrologia_DrenajeAntropico_v1 Fase3 1 VB #</Process><Process ToolSource="c:\program files (x86)\arcgis\desktop10.2\ArcToolbox\Toolboxes\Data Management Tools.tbx\CalculateField" Date="20160129" Time="071234">CalculateField ArryElZorroHidrologia_DrenajeAntropico_v1 Fase3 0 VB #</Process><Process ToolSource="c:\program files (x86)\arcgis\desktop10.2\ArcToolbox\Toolboxes\Conversion Tools.tbx\FeatureClassToFeatureClass" Date="20160305" Time="181624">FeatureClassToFeatureClass D:\ECI\DRUMMOND_Base\GIS\GDB\DRUMMOND_CGG.gdb\ArroyoElZorro\ArryElZorroHidrologia_DrenajeAntropico_v1 D:\_TempDrummond\DRUMMOND_ArroyoElZorroRealineamientoNuevo ArryElZorroHidrologia_DrenajeAntropico_v1.shp # "X1 "X1" true true false 8 Double 0 0 ,First,#,D:\ECI\DRUMMOND_Base\GIS\GDB\DRUMMOND_CGG.gdb\ArroyoElZorro\ArryElZorroHidrologia_DrenajeAntropico_v1,X1,-1,-1;Y1 "Y1" true true false 8 Double 0 0 ,First,#,D:\ECI\DRUMMOND_Base\GIS\GDB\DRUMMOND_CGG.gdb\ArroyoElZorro\ArryElZorroHidrologia_DrenajeAntropico_v1,Y1,-1,-1;Z1 "Z1" true true false 8 Double 0 0 ,First,#,D:\ECI\DRUMMOND_Base\GIS\GDB\DRUMMOND_CGG.gdb\ArroyoElZorro\ArryElZorroHidrologia_DrenajeAntropico_v1,Z1,-1,-1;Shape_Leng "Shape_Length" false true true 8 Double 0 0 ,First,#,D:\ECI\DRUMMOND_Base\GIS\GDB\DRUMMOND_CGG.gdb\ArroyoElZorro\ArryElZorroHidrologia_DrenajeAntropico_v1,Shape_Length,-1,-1;Fase1 "Fase1" true true false 2 Short 0 0 ,First,#,D:\ECI\DRUMMOND_Base\GIS\GDB\DRUMMOND_CGG.gdb\ArroyoElZorro\ArryElZorroHidrologia_DrenajeAntropico_v1,Fase1,-1,-1;Fase2 "Fase2" true true false 2 Short 0 0 ,First,#,D:\ECI\DRUMMOND_Base\GIS\GDB\DRUMMOND_CGG.gdb\ArroyoElZorro\ArryElZorroHidrologia_DrenajeAntropico_v1,Fase2,-1,-1;Fase3 "Fase3" true true false 2 Short 0 0 ,First,#,D:\ECI\DRUMMOND_Base\GIS\GDB\DRUMMOND_CGG.gdb\ArroyoElZorro\ArryElZorroHidrologia_DrenajeAntropico_v1,Fase3,-1,-1;Name "Name" true true false 100 Text 0 0 ,First,#,D:\ECI\DRUMMOND_Base\GIS\GDB\DRUMMOND_CGG.gdb\ArroyoElZorro\ArryElZorroHidrologia_DrenajeAntropico_v1,Name,-1,-1" #</Process><Process ToolSource="c:\program files (x86)\arcgis\desktop10.2\ArcToolbox\Toolboxes\Conversion Tools.tbx\FeatureClassToFeatureClass" Date="20160305" Time="181719">FeatureClassToFeatureClass D:\_TempDrummond\DRUMMOND_ArroyoElZorroRealineamientoNuevo\ArryElZorroHidrologia_DrenajeAntropico_v1.shp D:\ECI\DRUMMOND_Base\GIS\GDB\DRUMMOND_CGG.gdb\ArroyoElZorro ArryElZorroHidrologia_DrenajeAntropico_v1 # "X1 "X1" true true false 19 Double 0 0 ,First,#,D:\_TempDrummond\DRUMMOND_ArroyoElZorroRealineamientoNuevo\ArryElZorroHidrologia_DrenajeAntropico_v1.shp,X1,-1,-1;Y1 "Y1" true true false 19 Double 0 0 ,First,#,D:\_TempDrummond\DRUMMOND_ArroyoElZorroRealineamientoNuevo\ArryElZorroHidrologia_DrenajeAntropico_v1.shp,Y1,-1,-1;Z1 "Z1" true true false 19 Double 0 0 ,First,#,D:\_TempDrummond\DRUMMOND_ArroyoElZorroRealineamientoNuevo\ArryElZorroHidrologia_DrenajeAntropico_v1.shp,Z1,-1,-1;Shape_Leng "Shape_Leng" true true false 19 Double 0 0 ,First,#,D:\_TempDrummond\DRUMMOND_ArroyoElZorroRealineamientoNuevo\ArryElZorroHidrologia_DrenajeAntropico_v1.shp,Shape_Leng,-1,-1;Fase1 "Fase1" true true false 4 Short 0 4 ,First,#,D:\_TempDrummond\DRUMMOND_ArroyoElZorroRealineamientoNuevo\ArryElZorroHidrologia_DrenajeAntropico_v1.shp,Fase1,-1,-1;Fase2 "Fase2" true true false 4 Short 0 4 ,First,#,D:\_TempDrummond\DRUMMOND_ArroyoElZorroRealineamientoNuevo\ArryElZorroHidrologia_DrenajeAntropico_v1.shp,Fase2,-1,-1;Fase3 "Fase3" true true false 4 Short 0 4 ,First,#,D:\_TempDrummond\DRUMMOND_ArroyoElZorroRealineamientoNuevo\ArryElZorroHidrologia_DrenajeAntropico_v1.shp,Fase3,-1,-1;Name "Name" true true false 100 Text 0 0 ,First,#,D:\_TempDrummond\DRUMMOND_ArroyoElZorroRealineamientoNuevo\ArryElZorroHidrologia_DrenajeAntropico_v1.shp,Name,-1,-1" #</Process><Process ToolSource="c:\program files (x86)\arcgis\desktop10.2\ArcToolbox\Toolboxes\Data Management Tools.tbx\CalculateField" Date="20160514" Time="165705">CalculateField ECI...\ArryElZorroHidrologia_DrenajeAntropico_v1 River "El Zorro" VB #</Process><Process ToolSource="c:\program files (x86)\arcgis\desktop10.2\ArcToolbox\Toolboxes\Data Management Tools.tbx\CalculateField" Date="20160514" Time="165740">CalculateField ECI...\ArryElZorroHidrologia_DrenajeAntropico_v1 River "Arroyo El Zorro" VB #</Process><Process ToolSource="c:\program files (x86)\arcgis\desktop10.2\ArcToolbox\Toolboxes\Data Management Tools.tbx\CalculateField" Date="20160514" Time="165759">CalculateField ECI...\ArryElZorroHidrologia_DrenajeAntropico_v1 River "Cano Topacio" VB #</Process><Process ToolSource="c:\program files (x86)\arcgis\desktop10.2\ArcToolbox\Toolboxes\Data Management Tools.tbx\CalculateField" Date="20160514" Time="165803">CalculateField ECI...\ArryElZorroHidrologia_DrenajeAntropico_v1 Reach "Cano Topacio" VB #</Process><Process ToolSource="c:\program files (x86)\arcgis\desktop10.2\ArcToolbox\Toolboxes\Data Management Tools.tbx\CalculateField" Date="20160514" Time="165828">CalculateField ECI...\ArryElZorroHidrologia_DrenajeAntropico_v1 River "Arroyo El Zorro Natural Fase 1" VB #</Process><Process ToolSource="c:\program files (x86)\arcgis\desktop10.2\ArcToolbox\Toolboxes\Data Management Tools.tbx\CalculateField" Date="20160514" Time="165906">CalculateField ECI...\ArryElZorroHidrologia_DrenajeAntropico_v1 River "ArroyoElZorroNat Fase1" VB #</Process><Process ToolSource="c:\program files (x86)\arcgis\desktop10.2\ArcToolbox\Toolboxes\Data Management Tools.tbx\CalculateField" Date="20160514" Time="165922">CalculateField ECI...\ArryElZorroHidrologia_DrenajeAntropico_v1 River "ElZorroNatFase1" VB #</Process><Process ToolSource="c:\program files (x86)\arcgis\desktop10.2\ArcToolbox\Toolboxes\Data Management Tools.tbx\CalculateField" Date="20160514" Time="165954">CalculateField ECI...\ArryElZorroHidrologia_DrenajeAntropico_v1 River "ElZorro" VB #</Process><Process ToolSource="c:\program files (x86)\arcgis\desktop10.2\ArcToolbox\Toolboxes\Data Management Tools.tbx\CalculateField" Date="20160514" Time="170010">CalculateField ECI...\ArryElZorroHidrologia_DrenajeAntropico_v1 River "Topacio" VB #</Process><Process ToolSource="c:\program files (x86)\arcgis\desktop10.2\ArcToolbox\Toolboxes\Data Management Tools.tbx\CalculateField" Date="20160514" Time="170014">CalculateField ECI...\ArryElZorroHidrologia_DrenajeAntropico_v1 Reach "Topacio" VB #</Process><Process ToolSource="c:\program files (x86)\arcgis\desktop10.2\ArcToolbox\Toolboxes\Data Management Tools.tbx\CalculateField" Date="20160514" Time="170030">CalculateField ECI...\ArryElZorroHidrologia_DrenajeAntropico_v1 River "Platanal" VB #</Process><Process ToolSource="c:\program files (x86)\arcgis\desktop10.2\ArcToolbox\Toolboxes\Data Management Tools.tbx\CalculateField" Date="20160514" Time="170034">CalculateField ECI...\ArryElZorroHidrologia_DrenajeAntropico_v1 Reach "Platanal" VB #</Process><Process ToolSource="c:\program files (x86)\arcgis\desktop10.2\ArcToolbox\Toolboxes\Data Management Tools.tbx\CalculateField" Date="20160514" Time="170050">CalculateField ECI...\ArryElZorroHidrologia_DrenajeAntropico_v1 River "Lat1Platanal" VB #</Process><Process ToolSource="c:\program files (x86)\arcgis\desktop10.2\ArcToolbox\Toolboxes\Data Management Tools.tbx\CalculateField" Date="20160514" Time="170053">CalculateField ECI...\ArryElZorroHidrologia_DrenajeAntropico_v1 Reach "Lat1Platanal" VB #</Process><Process ToolSource="c:\program files (x86)\arcgis\desktop10.2\ArcToolbox\Toolboxes\Data Management Tools.tbx\CalculateField" Date="20160514" Time="170137">CalculateField ECI...\ArryElZorroHidrologia_DrenajeAntropico_v1 River "Lat1ZorroSur" VB #</Process><Process ToolSource="c:\program files (x86)\arcgis\desktop10.2\ArcToolbox\Toolboxes\Data Management Tools.tbx\CalculateField" Date="20160514" Time="170142">CalculateField ECI...\ArryElZorroHidrologia_DrenajeAntropico_v1 Reach "Lat1ZorroSur" VB #</Process><Process ToolSource="c:\program files (x86)\arcgis\desktop10.2\ArcToolbox\Toolboxes\Data Management Tools.tbx\CalculateField" Date="20160514" Time="170154">CalculateField ECI...\ArryElZorroHidrologia_DrenajeAntropico_v1 River "Lat2ZorroSur" VB #</Process><Process ToolSource="c:\program files (x86)\arcgis\desktop10.2\ArcToolbox\Toolboxes\Data Management Tools.tbx\CalculateField" Date="20160514" Time="170159">CalculateField ECI...\ArryElZorroHidrologia_DrenajeAntropico_v1 Reach "Lat2ZorroSur" VB #</Process><Process ToolSource="c:\program files (x86)\arcgis\desktop10.2\ArcToolbox\Toolboxes\Data Management Tools.tbx\CalculateField" Date="20160514" Time="170215">CalculateField ECI...\ArryElZorroHidrologia_DrenajeAntropico_v1 River "Lat1ZorroNat" VB #</Process><Process ToolSource="c:\program files (x86)\arcgis\desktop10.2\ArcToolbox\Toolboxes\Data Management Tools.tbx\CalculateField" Date="20160514" Time="170238">CalculateField ECI...\ArryElZorroHidrologia_DrenajeAntropico_v1 Reach "ElZorroNatFase1" VB #</Process><Process ToolSource="c:\program files (x86)\arcgis\desktop10.2\ArcToolbox\Toolboxes\Data Management Tools.tbx\CalculateField" Date="20160514" Time="170248">CalculateField ECI...\ArryElZorroHidrologia_DrenajeAntropico_v1 Reach "Lat1ZorroNat" VB #</Process><Process ToolSource="c:\program files (x86)\arcgis\desktop10.2\ArcToolbox\Toolboxes\Data Management Tools.tbx\CalculateField" Date="20160514" Time="170339">CalculateField ECI...\ArryElZorroHidrologia_DrenajeAntropico_v1 Reach "PlatanalAbajoLat1" VB #</Process><Process ToolSource="c:\program files (x86)\arcgis\desktop10.2\ArcToolbox\Toolboxes\Data Management Tools.tbx\CalculateField" Date="20160514" Time="170403">CalculateField ECI...\ArryElZorroHidrologia_DrenajeAntropico_v1 Reach "PlatanalAbajoLt1" VB #</Process><Process ToolSource="c:\program files (x86)\arcgis\desktop10.2\ArcToolbox\Toolboxes\Data Management Tools.tbx\CalculateField" Date="20160514" Time="170425">CalculateField ECI...\ArryElZorroHidrologia_DrenajeAntropico_v1 Reach "PlatanalArribLt1" VB #</Process><Process ToolSource="c:\program files (x86)\arcgis\desktop10.2\ArcToolbox\Toolboxes\Data Management Tools.tbx\CalculateField" Date="20160514" Time="170446">CalculateField ECI...\ArryElZorroHidrologia_DrenajeAntropico_v1 Reach "PlatanalAbajLt1" VB #</Process><Process ToolSource="c:\program files (x86)\arcgis\desktop10.2\ArcToolbox\Toolboxes\Data Management Tools.tbx\CalculateField" Date="20160514" Time="170601">CalculateField ECI...\ArryElZorroHidrologia_DrenajeAntropico_v1 Reach "ArribaDPlatanal" VB #</Process><Process ToolSource="c:\program files (x86)\arcgis\desktop10.2\ArcToolbox\Toolboxes\Data Management Tools.tbx\CalculateField" Date="20160514" Time="170616">CalculateField ECI...\ArryElZorroHidrologia_DrenajeAntropico_v1 Reach "AbajoDPlatanal" VB #</Process><Process ToolSource="c:\program files (x86)\arcgis\desktop10.2\ArcToolbox\Toolboxes\Data Management Tools.tbx\CalculateField" Date="20160514" Time="170634">CalculateField ECI...\ArryElZorroHidrologia_DrenajeAntropico_v1 Reach "AbajoDTopacio" VB #</Process><Process ToolSource="c:\program files (x86)\arcgis\desktop10.2\ArcToolbox\Toolboxes\Data Management Tools.tbx\CalculateField" Date="20160514" Time="170649">CalculateField ECI...\ArryElZorroHidrologia_DrenajeAntropico_v1 Reach "ArribaDTopacio" VB #</Process><Process ToolSource="c:\program files (x86)\arcgis\desktop10.2\ArcToolbox\Toolboxes\Data Management Tools.tbx\CalculateField" Date="20160514" Time="170943">CalculateField ECI...\ArryElZorroHidrologia_DrenajeAntropico_v1 Reach "ArribaLat1" VB #</Process><Process ToolSource="c:\program files (x86)\arcgis\desktop10.2\ArcToolbox\Toolboxes\Data Management Tools.tbx\CalculateField" Date="20160514" Time="171007">CalculateField ECI...\ArryElZorroHidrologia_DrenajeAntropico_v1 Reach "AbajoLat2" VB #</Process><Process ToolSource="c:\program files (x86)\arcgis\desktop10.2\ArcToolbox\Toolboxes\Data Management Tools.tbx\CalculateField" Date="20160514" Time="171025">CalculateField ECI...\ArryElZorroHidrologia_DrenajeAntropico_v1 Reach "EntreLat1yLat2" VB #</Process><Process ToolSource="c:\program files (x86)\arcgis\desktop10.2\ArcToolbox\Toolboxes\Data Management Tools.tbx\CalculateField" Date="20160514" Time="172452">CalculateField ECI...\ArryElZorroHidrologia_DrenajeAntropico_v1 RiverCode [River] VB #</Process><Process ToolSource="c:\program files (x86)\arcgis\desktop10.2\ArcToolbox\Toolboxes\Data Management Tools.tbx\CalculateField" Date="20160514" Time="172503">CalculateField ECI...\ArryElZorroHidrologia_DrenajeAntropico_v1 ReachCode [Reach] VB #</Process><Process ToolSource="c:\program files (x86)\arcgis\desktop10.2\ArcToolbox\Toolboxes\Data Management Tools.tbx\CalculateField" Date="20160729" Time="083812">CalculateField CGG...\CGG_DrenajeNatural_v0 RASModel 1 VB #</Process><Process ToolSource="c:\program files (x86)\arcgis\desktop10.2\ArcToolbox\Toolboxes\Data Management Tools.tbx\CalculateField" Date="20160729" Time="084539">CalculateField CGG...\CGG_DrenajeNatural_v0 Name "ARROYO EL ZORRO" VB #</Process><Process ToolSource="c:\program files (x86)\arcgis\desktop10.2\ArcToolbox\Toolboxes\Data Management Tools.tbx\CalculateField" Date="20160729" Time="084558">CalculateField CGG...\CGG_DrenajeNatural_v0 RiverCode "ARROYOELZORRO" VB #</Process><Process ToolSource="c:\program files (x86)\arcgis\desktop10.2\ArcToolbox\Toolboxes\Data Management Tools.tbx\CalculateField" Date="20160729" Time="084609">CalculateField CGG...\CGG_DrenajeNatural_v0 ReachCode "ARROYOELZORRO" VB #</Process><Process ToolSource="c:\program files (x86)\arcgis\desktop10.2\ArcToolbox\Toolboxes\Data Management Tools.tbx\CalculateField" Date="20160729" Time="084641">CalculateField CGG...\CGG_DrenajeNatural_v0 Name "LATERAL 1" VB #</Process><Process ToolSource="c:\program files (x86)\arcgis\desktop10.2\ArcToolbox\Toolboxes\Data Management Tools.tbx\CalculateField" Date="20160729" Time="084649">CalculateField CGG...\CGG_DrenajeNatural_v0 RiverCode "LATERAL1" VB #</Process><Process ToolSource="c:\program files (x86)\arcgis\desktop10.2\ArcToolbox\Toolboxes\Data Management Tools.tbx\CalculateField" Date="20160729" Time="084653">CalculateField CGG...\CGG_DrenajeNatural_v0 ReachCode "LATERAL1" VB #</Process><Process ToolSource="c:\program files (x86)\arcgis\desktop10.5\ArcToolbox\Toolboxes\Conversion Tools.tbx\FeatureClassToFeatureClass" Date="20180810" Time="083518">FeatureClassToFeatureClass C:\HCMC\GEODATABASE.gdb\CAPAS\CGG_DrenajeNatural_v0 "D:\OneDrive - ESCUELA COLOMBIANA DE INGENIERIA\ECI_Class_Sourcecode\Curso_DisenoFluvial_HCMC\Datos\DatosTema1\shp" CGG_DrenajeNatural_v0.shp # "Name "Name" true true false 100 Text 0 0 ,First,#,C:\HCMC\GEODATABASE.gdb\CAPAS\CGG_DrenajeNatural_v0,Name,-1,-1;RiverCode "RiverCode" true true false 16 Text 0 0 ,First,#,C:\HCMC\GEODATABASE.gdb\CAPAS\CGG_DrenajeNatural_v0,RiverCode,-1,-1;ReachCode "ReachCode" true true false 16 Text 0 0 ,First,#,C:\HCMC\GEODATABASE.gdb\CAPAS\CGG_DrenajeNatural_v0,ReachCode,-1,-1;Shape_Leng "Shape_Leng" false true true 8 Double 0 0 ,First,#,C:\HCMC\GEODATABASE.gdb\CAPAS\CGG_DrenajeNatural_v0,Shape_Length,-1,-1;RASModel "RASModel" true true false 2 Short 0 0 ,First,#,C:\HCMC\GEODATABASE.gdb\CAPAS\CGG_DrenajeNatural_v0,RASModel,-1,-1" #</Process></lineage></DataProperties><SyncDate>20180810</SyncDate><SyncTime>08351800</SyncTime><ModDate>20180810</ModDate><ModTime>08351800</ModTime></Esri><dataIdInfo><envirDesc Sync="TRUE"> Version 6.2 (Build 9200) ; Esri ArcGIS 10.5.0.6491</envirDesc><dataLang><languageCode value="spa" Sync="TRUE"></languageCode><countryCode value="COL" Sync="TRUE"></countryCode></dataLang><idCitation><resTitle Sync="TRUE">CGG_DrenajeNatural_v0</resTitle><presForm><PresFormCd value="005" Sync="TRUE"></PresFormCd></presForm></idCitation><spatRpType><SpatRepTypCd value="001" Sync="TRUE"></SpatRepTypCd></spatRpType></dataIdInfo><mdLang><languageCode value="spa" Sync="TRUE"></languageCode><countryCode value="COL" Sync="TRUE"></countryCode></mdLang><distInfo><distFormat><formatName Sync="TRUE">Shapefile</formatName></distFormat><distTranOps><transSize Sync="TRUE">0.000</transSize></distTranOps></distInfo><mdHrLv><ScopeCd value="005" Sync="TRUE"></ScopeCd></mdHrLv><mdHrLvName Sync="TRUE">dataset</mdHrLvName><refSysInfo><RefSystem><refSysID><identCode code="0" Sync="TRUE"></identCode></refSysID></RefSystem></refSysInfo><spatRepInfo><VectSpatRep><geometObjs Name="CGG_DrenajeNatural_v0"><geoObjTyp><GeoObjTypCd value="002" Sync="TRUE"></GeoObjTypCd></geoObjTyp><geoObjCnt Sync="TRUE">0</geoObjCnt></geometObjs><topLvl><TopoLevCd value="001" Sync="TRUE"></TopoLevCd></topLvl></VectSpatRep></spatRepInfo><spdoinfo><ptvctinf><esriterm Name="CGG_DrenajeNatural_v0"><efeatyp Sync="TRUE">Simple</efeatyp><efeageom code="3" Sync="TRUE"></efeageom><esritopo Sync="TRUE">FALSE</esritopo><efeacnt Sync="TRUE">0</efeacnt><spindex Sync="TRUE">FALSE</spindex><linrefer Sync="TRUE">FALSE</linrefer></esriterm></ptvctinf></spdoinfo><eainfo><detailed Name="CGG_DrenajeNatural_v0"><enttyp><enttypl Sync="TRUE">CGG_DrenajeNatural_v0</enttypl><enttypt Sync="TRUE">Feature Class</enttypt><enttypc Sync="TRUE">0</enttypc></enttyp><attr><attrlabl Sync="TRUE">FID</attrlabl><attalias Sync="TRUE">FID</attalias><attrtype Sync="TRUE">OID</attrtype><attwidth Sync="TRUE">4</attwidth><atprecis Sync="TRUE">0</atprecis><attscale Sync="TRUE">0</attscale><attrdef Sync="TRUE">Internal feature number.</attrdef><attrdefs Sync="TRUE">Esri</attrdefs><attrdomv><udom Sync="TRUE">Sequential unique whole numbers that are automatically generated.</udom></attrdomv></attr><attr><attrlabl Sync="TRUE">Shape</attrlabl><attalias Sync="TRUE">Shape</attalias><attrtype Sync="TRUE">Geometry</attrtype><attwidth Sync="TRUE">0</attwidth><atprecis Sync="TRUE">0</atprecis><attscale Sync="TRUE">0</attscale><attrdef Sync="TRUE">Feature geometry.</attrdef><attrdefs Sync="TRUE">Esri</attrdefs><attrdomv><udom Sync="TRUE">Coordinates defining the features.</udom></attrdomv></attr><attr><attrlabl Sync="TRUE">Shape_Leng</attrlabl><attalias Sync="TRUE">Shape_Leng</attalias><attrtype Sync="TRUE">Double</attrtype><attwidth Sync="TRUE">19</attwidth><atprecis Sync="TRUE">0</atprecis><attscale Sync="TRUE">0</attscale></attr><attr><attrlabl Sync="TRUE">RiverCode</attrlabl><attalias Sync="TRUE">RiverCode</attalias><attrtype Sync="TRUE">String</attrtype><attwidth Sync="TRUE">16</attwidth><atprecis Sync="TRUE">0</atprecis><attscale Sync="TRUE">0</attscale></attr><attr><attrlabl Sync="TRUE">ReachCode</attrlabl><attalias Sync="TRUE">ReachCode</attalias><attrtype Sync="TRUE">String</attrtype><attwidth Sync="TRUE">16</attwidth><atprecis Sync="TRUE">0</atprecis><attscale Sync="TRUE">0</attscale></attr><attr><attrlabl Sync="TRUE">Name</attrlabl><attalias Sync="TRUE">Name</attalias><attrtype Sync="TRUE">String</attrtype><attwidth Sync="TRUE">100</attwidth><atprecis Sync="TRUE">0</atprecis><attscale Sync="TRUE">0</attscale></attr><attr><attrlabl Sync="TRUE">RASModel</attrlabl><attalias Sync="TRUE">RASModel</attalias><attrtype Sync="TRUE">Integer</attrtype><attwidth Sync="TRUE">5</attwidth><atprecis Sync="TRUE">5</atprecis><attscale Sync="TRUE">0</attscale></attr></detailed></eainfo><mdDateSt Sync="TRUE">20180810</mdDateSt></metadata>
