LineID,CulvertGroup,LineField,SortField,CXm,Cym,CZBateam,CZClavem,CZEjem,Lengthm,Diameterm,River,Reach,RS,Connection,Barrel,
1,AlcCentral,1,0,1078769.37,1572726.99,69.09,71.09,70.09,61.40,2.00,ARROYOELZORRO,ARRIBALAT1,7848.612,,A1,
2,AlcCentral,1,1,1078710.12,1572710.91,68.54,70.54,69.54,61.40,2.00,ARROYOELZORRO,ARRIBALAT1,7848.612,,A2,
3,AlcCentral,2,0,1078767.80,1572732.78,69.09,71.09,70.09,61.40,2.00,ARROYOELZORRO,ARRIBALAT1,7848.612,,A2,
4,AlcCentral,2,1,1078708.55,1572716.70,68.54,70.54,69.54,61.40,2.00,ARROYOELZORRO,ARRIBALAT1,7848.612,,A3,
5,AlcCentral,3,0,1078766.23,1572738.57,69.09,71.09,70.09,61.40,2.00,ARROYOELZORRO,ARRIBALAT1,7848.612,,A3,
6,AlcCentral,3,1,1078706.98,1572722.49,68.54,70.54,69.54,61.40,2.00,ARROYOELZORRO,ARRIBALAT1,7848.612,,A4,
7,AlcCentral,4,0,1078764.66,1572744.36,69.09,71.09,70.09,61.40,2.00,ARROYOELZORRO,ARRIBALAT1,7848.612,,A4,
8,AlcCentral,4,1,1078705.41,1572728.28,68.54,70.54,69.54,61.40,2.00,ARROYOELZORRO,ARRIBALAT1,7848.612,,A5,
9,AlcCentral,5,0,1078763.09,1572750.15,69.09,71.09,70.09,61.40,2.00,ARROYOELZORRO,ARRIBALAT1,7848.612,,A5,
10,AlcCentral,5,1,1078703.83,1572734.07,68.54,70.54,69.54,61.40,2.00,ARROYOELZORRO,ARRIBALAT1,7848.612,,A6,
11,AlcCentral,6,0,1078761.52,1572755.94,69.09,71.09,70.09,61.40,2.00,ARROYOELZORRO,ARRIBALAT1,7848.612,,A6,
12,AlcCentral,6,1,1078702.26,1572739.86,68.54,70.54,69.54,61.40,2.00,ARROYOELZORRO,ARRIBALAT1,7848.612,,A7,
13,AlcCentral,7,0,1078759.95,1572761.73,69.09,71.09,70.09,61.40,2.00,ARROYOELZORRO,ARRIBALAT1,7848.612,,A7,
14,AlcCentral,7,1,1078700.69,1572745.65,68.54,70.54,69.54,61.40,2.00,ARROYOELZORRO,ARRIBALAT1,7848.612,,A8,
15,AlcSecundIzq,8,0,1078803.35,1572601.77,70.59,71.50,71.05,61.40,0.91,ARROYOELZORRO,ARRIBALAT1,7848.612,,A8,
16,AlcSecundIzq,8,1,1078744.10,1572585.69,70.04,70.95,70.50,61.40,0.91,ARROYOELZORRO,ARRIBALAT1,7848.612,,A9,
17,AlcSecundIzq,9,0,1078802.77,1572603.91,70.59,71.50,71.05,61.40,0.91,ARROYOELZORRO,ARRIBALAT1,7848.612,,A9,
18,AlcSecundIzq,9,1,1078743.52,1572587.83,70.04,70.95,70.50,61.40,0.91,ARROYOELZORRO,ARRIBALAT1,7848.612,,A10,
19,AlcSecundIzq,10,0,1078802.19,1572606.04,70.59,71.50,71.05,61.40,0.91,ARROYOELZORRO,ARRIBALAT1,7848.612,,A10,
20,AlcSecundIzq,10,1,1078742.94,1572589.96,70.04,70.95,70.50,61.40,0.91,ARROYOELZORRO,ARRIBALAT1,7848.612,,A11,
21,AlcSecundIzq,11,0,1078801.61,1572608.18,70.59,71.50,71.05,61.40,0.91,ARROYOELZORRO,ARRIBALAT1,7848.612,,A11,
22,AlcSecundIzq,11,1,1078742.36,1572592.10,70.04,70.95,70.50,61.40,0.91,ARROYOELZORRO,ARRIBALAT1,7848.612,,A12,
23,AlcSecundIzq,12,0,1078801.03,1572610.32,70.59,71.50,71.05,61.40,0.91,ARROYOELZORRO,ARRIBALAT1,7848.612,,A12,
24,AlcSecundIzq,12,1,1078741.78,1572594.24,70.04,70.95,70.50,61.40,0.91,ARROYOELZORRO,ARRIBALAT1,7848.612,,A13,
25,AlcSecundIzq,13,0,1078800.45,1572612.45,70.59,71.50,71.05,61.40,0.91,ARROYOELZORRO,ARRIBALAT1,7848.612,,A13,
26,AlcSecundIzq,13,1,1078741.20,1572596.38,70.04,70.95,70.50,61.40,0.91,ARROYOELZORRO,ARRIBALAT1,7848.612,,A14,
27,AlcSecundIzq,14,0,1078799.87,1572614.59,70.59,71.50,71.05,61.40,0.91,ARROYOELZORRO,ARRIBALAT1,7848.612,,A14,
28,AlcSecundIzq,14,1,1078740.62,1572598.51,70.04,70.95,70.50,61.40,0.91,ARROYOELZORRO,ARRIBALAT1,7848.612,,A15,
29,AlcSecundIzq,15,0,1078799.29,1572616.73,70.59,71.50,71.05,61.40,0.91,ARROYOELZORRO,ARRIBALAT1,7848.612,,A15,
30,AlcSecundIzq,15,1,1078740.04,1572600.65,70.04,70.95,70.50,61.40,0.91,ARROYOELZORRO,ARRIBALAT1,7848.612,,A16,
31,AlcSecundIzq,16,0,1078798.71,1572618.87,70.59,71.50,71.05,61.40,0.91,ARROYOELZORRO,ARRIBALAT1,7848.612,,A16,
32,AlcSecundIzq,16,1,1078739.46,1572602.79,70.04,70.95,70.50,61.40,0.91,ARROYOELZORRO,ARRIBALAT1,7848.612,,A17,
33,AlcSecundIzq,17,0,1078798.13,1572621.00,70.59,71.50,71.05,61.40,0.91,ARROYOELZORRO,ARRIBALAT1,7848.612,,A17,
34,AlcSecundIzq,17,1,1078738.88,1572604.92,70.04,70.95,70.50,61.40,0.91,ARROYOELZORRO,ARRIBALAT1,7848.612,,A18,
35,AlcSecundIzq,18,0,1078797.55,1572623.14,70.59,71.50,71.05,61.40,0.91,ARROYOELZORRO,ARRIBALAT1,7848.612,,A18,
36,AlcSecundIzq,18,1,1078738.30,1572607.06,70.04,70.95,70.50,61.40,0.91,ARROYOELZORRO,ARRIBALAT1,7848.612,,A19,
37,AlcSecundIzq,19,0,1078796.97,1572625.28,70.59,71.50,71.05,61.40,0.91,ARROYOELZORRO,ARRIBALAT1,7848.612,,A19,
38,AlcSecundIzq,19,1,1078737.72,1572609.20,70.04,70.95,70.50,61.40,0.91,ARROYOELZORRO,ARRIBALAT1,7848.612,,A20,
39,AlcSecundIzq,20,0,1078796.39,1572627.41,70.59,71.50,71.05,61.40,0.91,ARROYOELZORRO,ARRIBALAT1,7848.612,,A20,
40,AlcSecundIzq,20,1,1078737.14,1572611.34,70.04,70.95,70.50,61.40,0.91,ARROYOELZORRO,ARRIBALAT1,7848.612,,A21,
41,AlcSecundIzq,21,0,1078795.81,1572629.55,70.59,71.50,71.05,61.40,0.91,ARROYOELZORRO,ARRIBALAT1,7848.612,,A21,
42,AlcSecundIzq,21,1,1078736.56,1572613.47,70.04,70.95,70.50,61.40,0.91,ARROYOELZORRO,ARRIBALAT1,7848.612,,A22,
43,AlcSecundIzq,22,0,1078795.23,1572631.69,70.59,71.50,71.05,61.40,0.91,ARROYOELZORRO,ARRIBALAT1,7848.612,,A22,
44,AlcSecundIzq,22,1,1078735.98,1572615.61,70.04,70.95,70.50,61.40,0.91,ARROYOELZORRO,ARRIBALAT1,7848.612,,A23,
45,AlcSecundIzq,23,0,1078794.65,1572633.83,70.59,71.50,71.05,61.40,0.91,ARROYOELZORRO,ARRIBALAT1,7848.612,,A23,
46,AlcSecundIzq,23,1,1078735.40,1572617.75,70.04,70.95,70.50,61.40,0.91,ARROYOELZORRO,ARRIBALAT1,7848.612,,A24,
47,AlcSecundIzq,24,0,1078794.07,1572635.96,70.59,71.50,71.05,61.40,0.91,ARROYOELZORRO,ARRIBALAT1,7848.612,,A24,
48,AlcSecundIzq,24,1,1078734.82,1572619.88,70.04,70.95,70.50,61.40,0.91,ARROYOELZORRO,ARRIBALAT1,7848.612,,A25,
49,AlcSecundIzq,25,0,1078793.49,1572638.10,70.59,71.50,71.05,61.40,0.91,ARROYOELZORRO,ARRIBALAT1,7848.612,,A25,
50,AlcSecundIzq,25,1,1078734.24,1572622.02,70.04,70.95,70.50,61.40,0.91,ARROYOELZORRO,ARRIBALAT1,7848.612,,A26,
51,AlcSecundIzq,26,0,1078792.91,1572640.24,70.59,71.50,71.05,61.40,0.91,ARROYOELZORRO,ARRIBALAT1,7848.612,,A26,
52,AlcSecundIzq,26,1,1078733.66,1572624.16,70.04,70.95,70.50,61.40,0.91,ARROYOELZORRO,ARRIBALAT1,7848.612,,A27,
53,AlcSecundIzq,27,0,1078792.33,1572642.37,70.59,71.50,71.05,61.40,0.91,ARROYOELZORRO,ARRIBALAT1,7848.612,,A27,
54,AlcSecundIzq,27,1,1078733.08,1572626.30,70.04,70.95,70.50,61.40,0.91,ARROYOELZORRO,ARRIBALAT1,7848.612,,A28,
55,AlcSecundIzq,28,0,1078791.75,1572644.51,70.59,71.50,71.05,61.40,0.91,ARROYOELZORRO,ARRIBALAT1,7848.612,,A28,
56,AlcSecundIzq,28,1,1078732.50,1572628.43,70.04,70.95,70.50,61.40,0.91,ARROYOELZORRO,ARRIBALAT1,7848.612,,A29,
57,AlcSecundIzq,29,0,1078791.17,1572646.65,70.59,71.50,71.05,61.40,0.91,ARROYOELZORRO,ARRIBALAT1,7848.612,,A29,
58,AlcSecundIzq,29,1,1078731.92,1572630.57,70.04,70.95,70.50,61.40,0.91,ARROYOELZORRO,ARRIBALAT1,7848.612,,A30,
59,AlcSecundIzq,30,0,1078790.59,1572648.79,70.59,71.50,71.05,61.40,0.91,ARROYOELZORRO,ARRIBALAT1,7848.612,,A30,
60,AlcSecundIzq,30,1,1078731.34,1572632.71,70.04,70.95,70.50,61.40,0.91,ARROYOELZORRO,ARRIBALAT1,7848.612,,A31,
61,AlcSecundIzq,31,0,1078790.01,1572650.92,70.59,71.50,71.05,61.40,0.91,ARROYOELZORRO,ARRIBALAT1,7848.612,,A31,
62,AlcSecundIzq,31,1,1078730.76,1572634.84,70.04,70.95,70.50,61.40,0.91,ARROYOELZORRO,ARRIBALAT1,7848.612,,A32,
63,AlcSecundIzq,32,0,1078789.43,1572653.06,70.59,71.50,71.05,61.40,0.91,ARROYOELZORRO,ARRIBALAT1,7848.612,,A32,
64,AlcSecundIzq,32,1,1078730.18,1572636.98,70.04,70.95,70.50,61.40,0.91,ARROYOELZORRO,ARRIBALAT1,7848.612,,A33,
65,AlcSecundIzq,33,0,1078788.85,1572655.20,70.59,71.50,71.05,61.40,0.91,ARROYOELZORRO,ARRIBALAT1,7848.612,,A33,
66,AlcSecundIzq,33,1,1078729.60,1572639.12,70.04,70.95,70.50,61.40,0.91,ARROYOELZORRO,ARRIBALAT1,7848.612,,A34,
67,AlcSecundIzq,34,0,1078788.27,1572657.33,70.59,71.50,71.05,61.40,0.91,ARROYOELZORRO,ARRIBALAT1,7848.612,,A34,
68,AlcSecundIzq,34,1,1078729.02,1572641.26,70.04,70.95,70.50,61.40,0.91,ARROYOELZORRO,ARRIBALAT1,7848.612,,A35,
69,AlcSecundIzq,35,0,1078787.69,1572659.47,70.59,71.50,71.05,61.40,0.91,ARROYOELZORRO,ARRIBALAT1,7848.612,,A35,
70,AlcSecundIzq,35,1,1078728.44,1572643.39,70.04,70.95,70.50,61.40,0.91,ARROYOELZORRO,ARRIBALAT1,7848.612,,A36,
71,AlcSecundIzq,36,0,1078787.11,1572661.61,70.59,71.50,71.05,61.40,0.91,ARROYOELZORRO,ARRIBALAT1,7848.612,,A36,
72,AlcSecundIzq,36,1,1078727.86,1572645.53,70.04,70.95,70.50,61.40,0.91,ARROYOELZORRO,ARRIBALAT1,7848.612,,A37,
73,AlcSecundIzq,37,0,1078786.53,1572663.75,70.59,71.50,71.05,61.40,0.91,ARROYOELZORRO,ARRIBALAT1,7848.612,,A37,
74,AlcSecundIzq,37,1,1078727.28,1572647.67,70.04,70.95,70.50,61.40,0.91,ARROYOELZORRO,ARRIBALAT1,7848.612,,A38,
75,AlcSecundIzq,38,0,1078785.95,1572665.88,70.59,71.50,71.05,61.40,0.91,ARROYOELZORRO,ARRIBALAT1,7848.612,,A38,
76,AlcSecundIzq,38,1,1078726.70,1572649.80,70.04,70.95,70.50,61.40,0.91,ARROYOELZORRO,ARRIBALAT1,7848.612,,A39,
77,AlcSecundIzq,39,0,1078785.37,1572668.02,70.59,71.50,71.05,61.40,0.91,ARROYOELZORRO,ARRIBALAT1,7848.612,,A39,
78,AlcSecundIzq,39,1,1078726.12,1572651.94,70.04,70.95,70.50,61.40,0.91,ARROYOELZORRO,ARRIBALAT1,7848.612,,A40,
79,AlcSecundIzq,40,0,1078784.79,1572670.16,70.59,71.50,71.05,61.40,0.91,ARROYOELZORRO,ARRIBALAT1,7848.612,,A40,
80,AlcSecundIzq,40,1,1078725.54,1572654.08,70.04,70.95,70.50,61.40,0.91,ARROYOELZORRO,ARRIBALAT1,7848.612,,A41,
81,AlcSecundIzq,41,0,1078784.21,1572672.29,70.59,71.50,71.05,61.40,0.91,ARROYOELZORRO,ARRIBALAT1,7848.612,,A41,
82,AlcSecundIzq,41,1,1078724.96,1572656.22,70.04,70.95,70.50,61.40,0.91,ARROYOELZORRO,ARRIBALAT1,7848.612,,A42,
83,AlcSecundIzq,42,0,1078783.63,1572674.43,70.59,71.50,71.05,61.40,0.91,ARROYOELZORRO,ARRIBALAT1,7848.612,,A42,
84,AlcSecundIzq,42,1,1078724.38,1572658.35,70.04,70.95,70.50,61.40,0.91,ARROYOELZORRO,ARRIBALAT1,7848.612,,A43,
85,AlcSecundIzq,43,0,1078783.05,1572676.57,70.59,71.50,71.05,61.40,0.91,ARROYOELZORRO,ARRIBALAT1,7848.612,,A43,
86,AlcSecundIzq,43,1,1078723.80,1572660.49,70.04,70.95,70.50,61.40,0.91,ARROYOELZORRO,ARRIBALAT1,7848.612,,A44,
87,AlcSecundIzq,44,0,1078782.47,1572678.71,70.59,71.50,71.05,61.40,0.91,ARROYOELZORRO,ARRIBALAT1,7848.612,,A44,
88,AlcSecundIzq,44,1,1078723.22,1572662.63,70.04,70.95,70.50,61.40,0.91,ARROYOELZORRO,ARRIBALAT1,7848.612,,A45,
89,AlcSecundIzq,45,0,1078781.90,1572680.84,70.59,71.50,71.05,61.40,0.91,ARROYOELZORRO,ARRIBALAT1,7848.612,,A45,
90,AlcSecundIzq,45,1,1078722.64,1572664.76,70.04,70.95,70.50,61.40,0.91,ARROYOELZORRO,ARRIBALAT1,7848.612,,A46,
91,AlcSecundIzq,46,0,1078781.32,1572682.98,70.59,71.50,71.05,61.40,0.91,ARROYOELZORRO,ARRIBALAT1,7848.612,,A46,
92,AlcSecundIzq,46,1,1078722.06,1572666.90,70.04,70.95,70.50,61.40,0.91,ARROYOELZORRO,ARRIBALAT1,7848.612,,A47,
93,AlcSecundIzq,47,0,1078780.74,1572685.12,70.59,71.50,71.05,61.40,0.91,ARROYOELZORRO,ARRIBALAT1,7848.612,,A47,
94,AlcSecundIzq,47,1,1078721.48,1572669.04,70.04,70.95,70.50,61.40,0.91,ARROYOELZORRO,ARRIBALAT1,7848.612,,A48,
95,AlcSecundIzq,48,0,1078780.16,1572687.25,70.59,71.50,71.05,61.40,0.91,ARROYOELZORRO,ARRIBALAT1,7848.612,,A48,
96,AlcSecundIzq,48,1,1078720.90,1572671.18,70.04,70.95,70.50,61.40,0.91,ARROYOELZORRO,ARRIBALAT1,7848.612,,A49,
97,AlcSecundIzq,49,0,1078779.58,1572689.39,70.59,71.50,71.05,61.40,0.91,ARROYOELZORRO,ARRIBALAT1,7848.612,,A49,
98,AlcSecundIzq,49,1,1078720.32,1572673.31,70.04,70.95,70.50,61.40,0.91,ARROYOELZORRO,ARRIBALAT1,7848.612,,A50,
99,AlcSecundIzq,50,0,1078779.00,1572691.53,70.59,71.50,71.05,61.40,0.91,ARROYOELZORRO,ARRIBALAT1,7848.612,,A50,
100,AlcSecundIzq,50,1,1078719.74,1572675.45,70.04,70.95,70.50,61.40,0.91,ARROYOELZORRO,ARRIBALAT1,7848.612,,A51,
101,AlcSecundIzq,51,0,1078778.42,1572693.66,70.59,71.50,71.05,61.40,0.91,ARROYOELZORRO,ARRIBALAT1,7848.612,,A51,
102,AlcSecundIzq,51,1,1078719.16,1572677.59,70.04,70.95,70.50,61.40,0.91,ARROYOELZORRO,ARRIBALAT1,7848.612,,A52,
103,AlcSecundIzq,52,0,1078777.84,1572695.80,70.59,71.50,71.05,61.40,0.91,ARROYOELZORRO,ARRIBALAT1,7848.612,,A52,
104,AlcSecundIzq,52,1,1078718.58,1572679.72,70.04,70.95,70.50,61.40,0.91,ARROYOELZORRO,ARRIBALAT1,7848.612,,A53,
105,AlcSecundIzq,53,0,1078777.26,1572697.94,70.59,71.50,71.05,61.40,0.91,ARROYOELZORRO,ARRIBALAT1,7848.612,,A53,
106,AlcSecundIzq,53,1,1078718.00,1572681.86,70.04,70.95,70.50,61.40,0.91,ARROYOELZORRO,ARRIBALAT1,7848.612,,A54,
107,AlcSecundIzq,54,0,1078776.68,1572700.08,70.59,71.50,71.05,61.40,0.91,ARROYOELZORRO,ARRIBALAT1,7848.612,,A54,
108,AlcSecundIzq,54,1,1078717.42,1572684.00,70.04,70.95,70.50,61.40,0.91,ARROYOELZORRO,ARRIBALAT1,7848.612,,A55,
109,AlcSecundIzq,55,0,1078776.10,1572702.21,70.59,71.50,71.05,61.40,0.91,ARROYOELZORRO,ARRIBALAT1,7848.612,,A55,
110,AlcSecundIzq,55,1,1078716.84,1572686.14,70.04,70.95,70.50,61.40,0.91,ARROYOELZORRO,ARRIBALAT1,7848.612,,A56,
111,AlcSecundDer,56,0,1078727.13,1572882.68,70.59,71.50,71.05,61.40,0.91,ARROYOELZORRO,ARRIBALAT1,7848.612,,A56,
112,AlcSecundDer,56,1,1078667.87,1572866.60,70.04,70.95,70.50,61.40,0.91,ARROYOELZORRO,ARRIBALAT1,7848.612,,A57,
113,AlcSecundDer,57,0,1078727.71,1572880.54,70.59,71.50,71.05,61.40,0.91,ARROYOELZORRO,ARRIBALAT1,7848.612,,A57,
114,AlcSecundDer,57,1,1078668.45,1572864.46,70.04,70.95,70.50,61.40,0.91,ARROYOELZORRO,ARRIBALAT1,7848.612,,A58,
115,AlcSecundDer,58,0,1078728.29,1572878.41,70.59,71.50,71.05,61.40,0.91,ARROYOELZORRO,ARRIBALAT1,7848.612,,A58,
116,AlcSecundDer,58,1,1078669.03,1572862.33,70.04,70.95,70.50,61.40,0.91,ARROYOELZORRO,ARRIBALAT1,7848.612,,A59,
117,AlcSecundDer,59,0,1078728.87,1572876.27,70.59,71.50,71.05,61.40,0.91,ARROYOELZORRO,ARRIBALAT1,7848.612,,A59,
118,AlcSecundDer,59,1,1078669.61,1572860.19,70.04,70.95,70.50,61.40,0.91,ARROYOELZORRO,ARRIBALAT1,7848.612,,A60,
119,AlcSecundDer,60,0,1078729.45,1572874.13,70.59,71.50,71.05,61.40,0.91,ARROYOELZORRO,ARRIBALAT1,7848.612,,A60,
120,AlcSecundDer,60,1,1078670.19,1572858.05,70.04,70.95,70.50,61.40,0.91,ARROYOELZORRO,ARRIBALAT1,7848.612,,A61,
121,AlcSecundDer,61,0,1078730.03,1572871.99,70.59,71.50,71.05,61.40,0.91,ARROYOELZORRO,ARRIBALAT1,7848.612,,A61,
122,AlcSecundDer,61,1,1078670.77,1572855.92,70.04,70.95,70.50,61.40,0.91,ARROYOELZORRO,ARRIBALAT1,7848.612,,A62,
123,AlcSecundDer,62,0,1078730.61,1572869.86,70.59,71.50,71.05,61.40,0.91,ARROYOELZORRO,ARRIBALAT1,7848.612,,A62,
124,AlcSecundDer,62,1,1078671.35,1572853.78,70.04,70.95,70.50,61.40,0.91,ARROYOELZORRO,ARRIBALAT1,7848.612,,A63,
125,AlcSecundDer,63,0,1078731.19,1572867.72,70.59,71.50,71.05,61.40,0.91,ARROYOELZORRO,ARRIBALAT1,7848.612,,A63,
126,AlcSecundDer,63,1,1078671.93,1572851.64,70.04,70.95,70.50,61.40,0.91,ARROYOELZORRO,ARRIBALAT1,7848.612,,A64,
127,AlcSecundDer,64,0,1078731.77,1572865.58,70.59,71.50,71.05,61.40,0.91,ARROYOELZORRO,ARRIBALAT1,7848.612,,A64,
128,AlcSecundDer,64,1,1078672.51,1572849.50,70.04,70.95,70.50,61.40,0.91,ARROYOELZORRO,ARRIBALAT1,7848.612,,A65,
129,AlcSecundDer,65,0,1078732.35,1572863.45,70.59,71.50,71.05,61.40,0.91,ARROYOELZORRO,ARRIBALAT1,7848.612,,A65,
130,AlcSecundDer,65,1,1078673.09,1572847.37,70.04,70.95,70.50,61.40,0.91,ARROYOELZORRO,ARRIBALAT1,7848.612,,A66,
131,AlcSecundDer,66,0,1078732.93,1572861.31,70.59,71.50,71.05,61.40,0.91,ARROYOELZORRO,ARRIBALAT1,7848.612,,A66,
132,AlcSecundDer,66,1,1078673.67,1572845.23,70.04,70.95,70.50,61.40,0.91,ARROYOELZORRO,ARRIBALAT1,7848.612,,A67,
133,AlcSecundDer,67,0,1078733.51,1572859.17,70.59,71.50,71.05,61.40,0.91,ARROYOELZORRO,ARRIBALAT1,7848.612,,A67,
134,AlcSecundDer,67,1,1078674.25,1572843.09,70.04,70.95,70.50,61.40,0.91,ARROYOELZORRO,ARRIBALAT1,7848.612,,A68,
135,AlcSecundDer,68,0,1078734.09,1572857.03,70.59,71.50,71.05,61.40,0.91,ARROYOELZORRO,ARRIBALAT1,7848.612,,A68,
136,AlcSecundDer,68,1,1078674.83,1572840.96,70.04,70.95,70.50,61.40,0.91,ARROYOELZORRO,ARRIBALAT1,7848.612,,A69,
137,AlcSecundDer,69,0,1078734.67,1572854.90,70.59,71.50,71.05,61.40,0.91,ARROYOELZORRO,ARRIBALAT1,7848.612,,A69,
138,AlcSecundDer,69,1,1078675.41,1572838.82,70.04,70.95,70.50,61.40,0.91,ARROYOELZORRO,ARRIBALAT1,7848.612,,A70,
139,AlcSecundDer,70,0,1078735.25,1572852.76,70.59,71.50,71.05,61.40,0.91,ARROYOELZORRO,ARRIBALAT1,7848.612,,A70,
140,AlcSecundDer,70,1,1078675.99,1572836.68,70.04,70.95,70.50,61.40,0.91,ARROYOELZORRO,ARRIBALAT1,7848.612,,A71,
141,AlcSecundDer,71,0,1078735.83,1572850.62,70.59,71.50,71.05,61.40,0.91,ARROYOELZORRO,ARRIBALAT1,7848.612,,A71,
142,AlcSecundDer,71,1,1078676.57,1572834.54,70.04,70.95,70.50,61.40,0.91,ARROYOELZORRO,ARRIBALAT1,7848.612,,A72,
143,AlcSecundDer,72,0,1078736.41,1572848.49,70.59,71.50,71.05,61.40,0.91,ARROYOELZORRO,ARRIBALAT1,7848.612,,A72,
144,AlcSecundDer,72,1,1078677.15,1572832.41,70.04,70.95,70.50,61.40,0.91,ARROYOELZORRO,ARRIBALAT1,7848.612,,A73,
145,AlcSecundDer,73,0,1078736.99,1572846.35,70.59,71.50,71.05,61.40,0.91,ARROYOELZORRO,ARRIBALAT1,7848.612,,A73,
146,AlcSecundDer,73,1,1078677.73,1572830.27,70.04,70.95,70.50,61.40,0.91,ARROYOELZORRO,ARRIBALAT1,7848.612,,A74,
147,AlcSecundDer,74,0,1078737.57,1572844.21,70.59,71.50,71.05,61.40,0.91,ARROYOELZORRO,ARRIBALAT1,7848.612,,A74,
148,AlcSecundDer,74,1,1078678.31,1572828.13,70.04,70.95,70.50,61.40,0.91,ARROYOELZORRO,ARRIBALAT1,7848.612,,A75,
149,AlcSecundDer,75,0,1078738.15,1572842.07,70.59,71.50,71.05,61.40,0.91,ARROYOELZORRO,ARRIBALAT1,7848.612,,A75,
150,AlcSecundDer,75,1,1078678.89,1572826.00,70.04,70.95,70.50,61.40,0.91,ARROYOELZORRO,ARRIBALAT1,7848.612,,A76,
151,AlcSecundDer,76,0,1078738.73,1572839.94,70.59,71.50,71.05,61.40,0.91,ARROYOELZORRO,ARRIBALAT1,7848.612,,A76,
152,AlcSecundDer,76,1,1078679.47,1572823.86,70.04,70.95,70.50,61.40,0.91,ARROYOELZORRO,ARRIBALAT1,7848.612,,A77,
153,AlcSecundDer,77,0,1078739.31,1572837.80,70.59,71.50,71.05,61.40,0.91,ARROYOELZORRO,ARRIBALAT1,7848.612,,A77,
154,AlcSecundDer,77,1,1078680.05,1572821.72,70.04,70.95,70.50,61.40,0.91,ARROYOELZORRO,ARRIBALAT1,7848.612,,A78,
155,AlcSecundDer,78,0,1078739.89,1572835.66,70.59,71.50,71.05,61.40,0.91,ARROYOELZORRO,ARRIBALAT1,7848.612,,A78,
156,AlcSecundDer,78,1,1078680.63,1572819.58,70.04,70.95,70.50,61.40,0.91,ARROYOELZORRO,ARRIBALAT1,7848.612,,A79,
157,AlcSecundDer,79,0,1078740.47,1572833.53,70.59,71.50,71.05,61.40,0.91,ARROYOELZORRO,ARRIBALAT1,7848.612,,A79,
158,AlcSecundDer,79,1,1078681.21,1572817.45,70.04,70.95,70.50,61.40,0.91,ARROYOELZORRO,ARRIBALAT1,7848.612,,A80,
159,AlcSecundDer,80,0,1078741.05,1572831.39,70.59,71.50,71.05,61.40,0.91,ARROYOELZORRO,ARRIBALAT1,7848.612,,A80,
160,AlcSecundDer,80,1,1078681.79,1572815.31,70.04,70.95,70.50,61.40,0.91,ARROYOELZORRO,ARRIBALAT1,7848.612,,A81,
161,AlcSecundDer,81,0,1078741.63,1572829.25,70.59,71.50,71.05,61.40,0.91,ARROYOELZORRO,ARRIBALAT1,7848.612,,A81,
162,AlcSecundDer,81,1,1078682.37,1572813.17,70.04,70.95,70.50,61.40,0.91,ARROYOELZORRO,ARRIBALAT1,7848.612,,A82,
163,AlcSecundDer,82,0,1078742.21,1572827.11,70.59,71.50,71.05,61.40,0.91,ARROYOELZORRO,ARRIBALAT1,7848.612,,A82,
164,AlcSecundDer,82,1,1078682.95,1572811.04,70.04,70.95,70.50,61.40,0.91,ARROYOELZORRO,ARRIBALAT1,7848.612,,A83,
165,AlcSecundDer,83,0,1078742.79,1572824.98,70.59,71.50,71.05,61.40,0.91,ARROYOELZORRO,ARRIBALAT1,7848.612,,A83,
166,AlcSecundDer,83,1,1078683.53,1572808.90,70.04,70.95,70.50,61.40,0.91,ARROYOELZORRO,ARRIBALAT1,7848.612,,A84,
167,AlcSecundDer,84,0,1078743.37,1572822.84,70.59,71.50,71.05,61.40,0.91,ARROYOELZORRO,ARRIBALAT1,7848.612,,A84,
168,AlcSecundDer,84,1,1078684.11,1572806.76,70.04,70.95,70.50,61.40,0.91,ARROYOELZORRO,ARRIBALAT1,7848.612,,A85,
169,AlcSecundDer,85,0,1078743.95,1572820.70,70.59,71.50,71.05,61.40,0.91,ARROYOELZORRO,ARRIBALAT1,7848.612,,A85,
170,AlcSecundDer,85,1,1078684.69,1572804.62,70.04,70.95,70.50,61.40,0.91,ARROYOELZORRO,ARRIBALAT1,7848.612,,A86,
171,AlcSecundDer,86,0,1078744.53,1572818.57,70.59,71.50,71.05,61.40,0.91,ARROYOELZORRO,ARRIBALAT1,7848.612,,A86,
172,AlcSecundDer,86,1,1078685.27,1572802.49,70.04,70.95,70.50,61.40,0.91,ARROYOELZORRO,ARRIBALAT1,7848.612,,A87,
173,AlcSecundDer,87,0,1078745.11,1572816.43,70.59,71.50,71.05,61.40,0.91,ARROYOELZORRO,ARRIBALAT1,7848.612,,A87,
174,AlcSecundDer,87,1,1078685.85,1572800.35,70.04,70.95,70.50,61.40,0.91,ARROYOELZORRO,ARRIBALAT1,7848.612,,A88,
175,AlcSecundDer,88,0,1078745.69,1572814.29,70.59,71.50,71.05,61.40,0.91,ARROYOELZORRO,ARRIBALAT1,7848.612,,A88,
176,AlcSecundDer,88,1,1078686.43,1572798.21,70.04,70.95,70.50,61.40,0.91,ARROYOELZORRO,ARRIBALAT1,7848.612,,A89,
177,AlcSecundDer,89,0,1078746.27,1572812.15,70.59,71.50,71.05,61.40,0.91,ARROYOELZORRO,ARRIBALAT1,7848.612,,A89,
178,AlcSecundDer,89,1,1078687.01,1572796.08,70.04,70.95,70.50,61.40,0.91,ARROYOELZORRO,ARRIBALAT1,7848.612,,A90,
179,AlcSecundDer,90,0,1078746.85,1572810.02,70.59,71.50,71.05,61.40,0.91,ARROYOELZORRO,ARRIBALAT1,7848.612,,A90,
180,AlcSecundDer,90,1,1078687.59,1572793.94,70.04,70.95,70.50,61.40,0.91,ARROYOELZORRO,ARRIBALAT1,7848.612,,A91,
181,AlcSecundDer,91,0,1078747.43,1572807.88,70.59,71.50,71.05,61.40,0.91,ARROYOELZORRO,ARRIBALAT1,7848.612,,A91,
182,AlcSecundDer,91,1,1078688.17,1572791.80,70.04,70.95,70.50,61.40,0.91,ARROYOELZORRO,ARRIBALAT1,7848.612,,A92,
183,AlcSecundDer,92,0,1078748.01,1572805.74,70.59,71.50,71.05,61.40,0.91,ARROYOELZORRO,ARRIBALAT1,7848.612,,A92,
184,AlcSecundDer,92,1,1078688.75,1572789.66,70.04,70.95,70.50,61.40,0.91,ARROYOELZORRO,ARRIBALAT1,7848.612,,A93,
185,AlcSecundDer,93,0,1078748.58,1572803.61,70.59,71.50,71.05,61.40,0.91,ARROYOELZORRO,ARRIBALAT1,7848.612,,A93,
186,AlcSecundDer,93,1,1078689.33,1572787.53,70.04,70.95,70.50,61.40,0.91,ARROYOELZORRO,ARRIBALAT1,7848.612,,A94,
187,AlcSecundDer,94,0,1078749.16,1572801.47,70.59,71.50,71.05,61.40,0.91,ARROYOELZORRO,ARRIBALAT1,7848.612,,A94,
188,AlcSecundDer,94,1,1078689.91,1572785.39,70.04,70.95,70.50,61.40,0.91,ARROYOELZORRO,ARRIBALAT1,7848.612,,A95,
189,AlcSecundDer,95,0,1078749.74,1572799.33,70.59,71.50,71.05,61.40,0.91,ARROYOELZORRO,ARRIBALAT1,7848.612,,A95,
190,AlcSecundDer,95,1,1078690.49,1572783.25,70.04,70.95,70.50,61.40,0.91,ARROYOELZORRO,ARRIBALAT1,7848.612,,A96,
191,AlcSecundDer,96,0,1078750.32,1572797.19,70.59,71.50,71.05,61.40,0.91,ARROYOELZORRO,ARRIBALAT1,7848.612,,A96,
192,AlcSecundDer,96,1,1078691.07,1572781.12,70.04,70.95,70.50,61.40,0.91,ARROYOELZORRO,ARRIBALAT1,7848.612,,A97,
193,AlcSecundDer,97,0,1078750.90,1572795.06,70.59,71.50,71.05,61.40,0.91,ARROYOELZORRO,ARRIBALAT1,7848.612,,A97,
194,AlcSecundDer,97,1,1078691.65,1572778.98,70.04,70.95,70.50,61.40,0.91,ARROYOELZORRO,ARRIBALAT1,7848.612,,A98,
195,AlcSecundDer,98,0,1078751.48,1572792.92,70.59,71.50,71.05,61.40,0.91,ARROYOELZORRO,ARRIBALAT1,7848.612,,A98,
196,AlcSecundDer,98,1,1078692.23,1572776.84,70.04,70.95,70.50,61.40,0.91,ARROYOELZORRO,ARRIBALAT1,7848.612,,A99,
197,AlcSecundDer,99,0,1078752.06,1572790.78,70.59,71.50,71.05,61.40,0.91,ARROYOELZORRO,ARRIBALAT1,7848.612,,A99,
198,AlcSecundDer,99,1,1078692.81,1572774.71,70.04,70.95,70.50,61.40,0.91,ARROYOELZORRO,ARRIBALAT1,7848.612,,A100,
199,AlcSecundDer,100,0,1078752.64,1572788.65,70.59,71.50,71.05,61.40,0.91,ARROYOELZORRO,ARRIBALAT1,7848.612,,A100,
200,AlcSecundDer,100,1,1078693.39,1572772.57,70.04,70.95,70.50,61.40,0.91,ARROYOELZORRO,ARRIBALAT1,7848.612,,A101,
201,AlcSecundDer,101,0,1078753.22,1572786.51,70.59,71.50,71.05,61.40,0.91,ARROYOELZORRO,ARRIBALAT1,7848.612,,A101,
202,AlcSecundDer,101,1,1078693.97,1572770.43,70.04,70.95,70.50,61.40,0.91,ARROYOELZORRO,ARRIBALAT1,7848.612,,A102,
203,AlcSecundDer,102,0,1078753.80,1572784.37,70.59,71.50,71.05,61.40,0.91,ARROYOELZORRO,ARRIBALAT1,7848.612,,A102,
204,AlcSecundDer,102,1,1078694.55,1572768.29,70.04,70.95,70.50,61.40,0.91,ARROYOELZORRO,ARRIBALAT1,7848.612,,A103,
205,AlcSecundDer,103,0,1078754.38,1572782.23,70.59,71.50,71.05,61.40,0.91,ARROYOELZORRO,ARRIBALAT1,7848.612,,A103,
206,AlcSecundDer,103,1,1078695.13,1572766.16,70.04,70.95,70.50,61.40,0.91,ARROYOELZORRO,ARRIBALAT1,7848.612,,A104,
